[
{
    "model": "admin.logentry",
    "pk": 1,
    "fields": {
        "action_time": "2025-12-12T11:12:09.567Z",
        "user": 1,
        "content_type": 7,
        "object_id": "32",
        "object_repr": "Studio Equipment",
        "action_flag": 3,
        "change_message": ""
    }
},
{
    "model": "admin.logentry",
    "pk": 2,
    "fields": {
        "action_time": "2025-12-12T11:12:09.567Z",
        "user": 1,
        "content_type": 7,
        "object_id": "31",
        "object_repr": "Headphone",
        "action_flag": 3,
        "change_message": ""
    }
},
{
    "model": "admin.logentry",
    "pk": 3,
    "fields": {
        "action_time": "2025-12-12T11:12:09.567Z",
        "user": 1,
        "content_type": 7,
        "object_id": "30",
        "object_repr": "Microphone",
        "action_flag": 3,
        "change_message": ""
    }
},
{
    "model": "admin.logentry",
    "pk": 4,
    "fields": {
        "action_time": "2025-12-12T11:26:45.322Z",
        "user": 1,
        "content_type": 8,
        "object_id": "36",
        "object_repr": "Jupiter JFL700 Flute",
        "action_flag": 2,
        "change_message": "[{\"changed\": {\"fields\": [\"Image\"]}}]"
    }
},
{
    "model": "admin.logentry",
    "pk": 5,
    "fields": {
        "action_time": "2025-12-12T11:27:58.947Z",
        "user": 1,
        "content_type": 8,
        "object_id": "35",
        "object_repr": "Gemeinhardt 2SP Flute",
        "action_flag": 2,
        "change_message": "[{\"changed\": {\"fields\": [\"Image\"]}}]"
    }
},
{
    "model": "admin.logentry",
    "pk": 6,
    "fields": {
        "action_time": "2025-12-12T11:27:58.953Z",
        "user": 1,
        "content_type": 8,
        "object_id": "33",
        "object_repr": "Selmer Prelude AS711",
        "action_flag": 2,
        "change_message": "[{\"changed\": {\"fields\": [\"Image\"]}}]"
    }
},
{
    "model": "admin.logentry",
    "pk": 7,
    "fields": {
        "action_time": "2025-12-12T11:27:58.959Z",
        "user": 1,
        "content_type": 8,
        "object_id": "32",
        "object_repr": "Jean Paul AS-400 Saxophone",
        "action_flag": 2,
        "change_message": "[{\"changed\": {\"fields\": [\"Image\"]}}]"
    }
},
{
    "model": "admin.logentry",
    "pk": 8,
    "fields": {
        "action_time": "2025-12-12T11:27:58.965Z",
        "user": 1,
        "content_type": 8,
        "object_id": "31",
        "object_repr": "Yamaha YAS-280 Alto Saxophone",
        "action_flag": 2,
        "change_message": "[{\"changed\": {\"fields\": [\"Image\"]}}]"
    }
},
{
    "model": "admin.logentry",
    "pk": 9,
    "fields": {
        "action_time": "2025-12-12T11:29:23.003Z",
        "user": 1,
        "content_type": 8,
        "object_id": "30",
        "object_repr": "Luna Tattoo Concert Ukulele",
        "action_flag": 2,
        "change_message": "[{\"changed\": {\"fields\": [\"Image\"]}}]"
    }
},
{
    "model": "admin.logentry",
    "pk": 10,
    "fields": {
        "action_time": "2025-12-12T11:29:23.013Z",
        "user": 1,
        "content_type": 8,
        "object_id": "28",
        "object_repr": "Kala KA-15S Soprano Ukulele",
        "action_flag": 2,
        "change_message": "[{\"changed\": {\"fields\": [\"Image\"]}}]"
    }
},
{
    "model": "admin.logentry",
    "pk": 11,
    "fields": {
        "action_time": "2025-12-12T11:31:11.235Z",
        "user": 1,
        "content_type": 8,
        "object_id": "27",
        "object_repr": "Pearl Roadshow Drum Set",
        "action_flag": 2,
        "change_message": "[{\"changed\": {\"fields\": [\"Image\"]}}]"
    }
},
{
    "model": "admin.logentry",
    "pk": 12,
    "fields": {
        "action_time": "2025-12-12T11:31:11.243Z",
        "user": 1,
        "content_type": 8,
        "object_id": "25",
        "object_repr": "Roland TD-1DMK Drum Kit",
        "action_flag": 2,
        "change_message": "[{\"changed\": {\"fields\": [\"Image\"]}}]"
    }
},
{
    "model": "admin.logentry",
    "pk": 13,
    "fields": {
        "action_time": "2025-12-12T11:31:11.249Z",
        "user": 1,
        "content_type": 8,
        "object_id": "24",
        "object_repr": "Cremona SV-130 Violin",
        "action_flag": 2,
        "change_message": "[{\"changed\": {\"fields\": [\"Image\"]}}]"
    }
},
{
    "model": "admin.logentry",
    "pk": 14,
    "fields": {
        "action_time": "2025-12-12T11:31:11.257Z",
        "user": 1,
        "content_type": 8,
        "object_id": "23",
        "object_repr": "Stentor 1500 Violin",
        "action_flag": 2,
        "change_message": "[{\"changed\": {\"fields\": [\"Image\"]}}]"
    }
},
{
    "model": "admin.logentry",
    "pk": 15,
    "fields": {
        "action_time": "2025-12-12T11:31:11.265Z",
        "user": 1,
        "content_type": 8,
        "object_id": "22",
        "object_repr": "Yamaha V3 Student Violin",
        "action_flag": 2,
        "change_message": "[{\"changed\": {\"fields\": [\"Image\"]}}]"
    }
},
{
    "model": "admin.logentry",
    "pk": 16,
    "fields": {
        "action_time": "2025-12-12T11:31:11.272Z",
        "user": 1,
        "content_type": 8,
        "object_id": "21",
        "object_repr": "Roland FP-30X Digital Piano",
        "action_flag": 2,
        "change_message": "[{\"changed\": {\"fields\": [\"Image\"]}}]"
    }
},
{
    "model": "admin.logentry",
    "pk": 17,
    "fields": {
        "action_time": "2025-12-12T11:31:11.279Z",
        "user": 1,
        "content_type": 8,
        "object_id": "20",
        "object_repr": "Casio CDP-S100 Digital Piano",
        "action_flag": 2,
        "change_message": "[{\"changed\": {\"fields\": [\"Image\"]}}]"
    }
},
{
    "model": "admin.logentry",
    "pk": 18,
    "fields": {
        "action_time": "2025-12-12T11:31:11.287Z",
        "user": 1,
        "content_type": 8,
        "object_id": "19",
        "object_repr": "Yamaha P-125 Digital Piano",
        "action_flag": 2,
        "change_message": "[{\"changed\": {\"fields\": [\"Image\"]}}]"
    }
},
{
    "model": "admin.logentry",
    "pk": 19,
    "fields": {
        "action_time": "2025-12-12T11:31:11.294Z",
        "user": 1,
        "content_type": 8,
        "object_id": "18",
        "object_repr": "Yamaha F310 Acoustic Guitar",
        "action_flag": 2,
        "change_message": "[{\"changed\": {\"fields\": [\"Image\"]}}]"
    }
},
{
    "model": "admin.logentry",
    "pk": 20,
    "fields": {
        "action_time": "2025-12-12T11:31:11.300Z",
        "user": 1,
        "content_type": 8,
        "object_id": "17",
        "object_repr": "Gibson Les Paul Studio",
        "action_flag": 2,
        "change_message": "[{\"changed\": {\"fields\": [\"Image\"]}}]"
    }
},
{
    "model": "admin.logentry",
    "pk": 21,
    "fields": {
        "action_time": "2025-12-12T11:33:37.137Z",
        "user": 1,
        "content_type": 8,
        "object_id": "16",
        "object_repr": "Fender Stratocaster Standard",
        "action_flag": 2,
        "change_message": "[{\"changed\": {\"fields\": [\"Image\"]}}]"
    }
},
{
    "model": "admin.logentry",
    "pk": 22,
    "fields": {
        "action_time": "2025-12-21T07:57:46.457Z",
        "user": 1,
        "content_type": 9,
        "object_id": "7",
        "object_repr": "Quynh - Gibson Les Paul Studio",
        "action_flag": 3,
        "change_message": ""
    }
},
{
    "model": "admin.logentry",
    "pk": 23,
    "fields": {
        "action_time": "2025-12-21T07:57:46.457Z",
        "user": 1,
        "content_type": 9,
        "object_id": "5",
        "object_repr": "Quynh - Gibson Les Paul Studio",
        "action_flag": 3,
        "change_message": ""
    }
},
{
    "model": "admin.logentry",
    "pk": 24,
    "fields": {
        "action_time": "2025-12-21T08:11:52.407Z",
        "user": 1,
        "content_type": 8,
        "object_id": "34",
        "object_repr": "Yamaha YFL-222 Flute",
        "action_flag": 2,
        "change_message": "[{\"changed\": {\"fields\": [\"Image\"]}}]"
    }
},
{
    "model": "admin.logentry",
    "pk": 25,
    "fields": {
        "action_time": "2025-12-21T08:12:37.710Z",
        "user": 1,
        "content_type": 8,
        "object_id": "26",
        "object_repr": "Yamaha DTX402K Electronic Drums",
        "action_flag": 2,
        "change_message": "[{\"changed\": {\"fields\": [\"Image\"]}}]"
    }
},
{
    "model": "admin.logentry",
    "pk": 26,
    "fields": {
        "action_time": "2025-12-21T08:13:03.225Z",
        "user": 1,
        "content_type": 8,
        "object_id": "29",
        "object_repr": "Mahalo MR1 Ukulele",
        "action_flag": 2,
        "change_message": "[{\"changed\": {\"fields\": [\"Image\"]}}]"
    }
},
{
    "model": "admin.logentry",
    "pk": 27,
    "fields": {
        "action_time": "2025-12-21T10:57:32.518Z",
        "user": 1,
        "content_type": 9,
        "object_id": "11",
        "object_repr": "Quynh - Fender Stratocaster Standard",
        "action_flag": 3,
        "change_message": ""
    }
},
{
    "model": "admin.logentry",
    "pk": 28,
    "fields": {
        "action_time": "2025-12-21T10:57:32.518Z",
        "user": 1,
        "content_type": 9,
        "object_id": "10",
        "object_repr": "Quynh - Fender Stratocaster Standard",
        "action_flag": 3,
        "change_message": ""
    }
},
{
    "model": "admin.logentry",
    "pk": 29,
    "fields": {
        "action_time": "2025-12-21T11:20:03.522Z",
        "user": 1,
        "content_type": 9,
        "object_id": "14",
        "object_repr": "Quynh - Fender Stratocaster Standard",
        "action_flag": 3,
        "change_message": ""
    }
},
{
    "model": "admin.logentry",
    "pk": 30,
    "fields": {
        "action_time": "2025-12-21T11:20:03.522Z",
        "user": 1,
        "content_type": 9,
        "object_id": "13",
        "object_repr": "Quynh - Fender Stratocaster Standard",
        "action_flag": 3,
        "change_message": ""
    }
},
{
    "model": "admin.logentry",
    "pk": 31,
    "fields": {
        "action_time": "2025-12-21T11:20:03.522Z",
        "user": 1,
        "content_type": 9,
        "object_id": "12",
        "object_repr": "Quynh - Fender Stratocaster Standard",
        "action_flag": 3,
        "change_message": ""
    }
},
{
    "model": "admin.logentry",
    "pk": 32,
    "fields": {
        "action_time": "2025-12-21T11:29:36.113Z",
        "user": 1,
        "content_type": 9,
        "object_id": "18",
        "object_repr": "Quynh - Yamaha F310 Acoustic Guitar",
        "action_flag": 3,
        "change_message": ""
    }
},
{
    "model": "admin.logentry",
    "pk": 33,
    "fields": {
        "action_time": "2025-12-21T11:29:36.114Z",
        "user": 1,
        "content_type": 9,
        "object_id": "17",
        "object_repr": "Quynh - Yamaha F310 Acoustic Guitar",
        "action_flag": 3,
        "change_message": ""
    }
},
{
    "model": "admin.logentry",
    "pk": 34,
    "fields": {
        "action_time": "2025-12-21T11:29:36.114Z",
        "user": 1,
        "content_type": 9,
        "object_id": "16",
        "object_repr": "Quynh - Yamaha F310 Acoustic Guitar",
        "action_flag": 3,
        "change_message": ""
    }
},
{
    "model": "admin.logentry",
    "pk": 35,
    "fields": {
        "action_time": "2025-12-21T12:01:17.960Z",
        "user": 1,
        "content_type": 8,
        "object_id": "18",
        "object_repr": "Yamaha F310 Acoustic Guitar",
        "action_flag": 2,
        "change_message": "[{\"added\": {\"name\": \"product image\", \"object\": \"Yamaha F310 Acoustic Guitar image\"}}, {\"added\": {\"name\": \"product image\", \"object\": \"Yamaha F310 Acoustic Guitar image\"}}, {\"added\": {\"name\": \"product image\", \"object\": \"Yamaha F310 Acoustic Guitar image\"}}]"
    }
},
{
    "model": "admin.logentry",
    "pk": 36,
    "fields": {
        "action_time": "2025-12-21T13:50:18.701Z",
        "user": 1,
        "content_type": 9,
        "object_id": "20",
        "object_repr": "Quynh - Fender Stratocaster Standard",
        "action_flag": 3,
        "change_message": ""
    }
},
{
    "model": "admin.logentry",
    "pk": 37,
    "fields": {
        "action_time": "2026-01-22T11:15:46.190Z",
        "user": 1,
        "content_type": 8,
        "object_id": "35",
        "object_repr": "Gemeinhardt 2SP Flute",
        "action_flag": 2,
        "change_message": "[{\"changed\": {\"fields\": [\"Price\"]}}]"
    }
},
{
    "model": "admin.logentry",
    "pk": 38,
    "fields": {
        "action_time": "2026-01-22T11:19:43.497Z",
        "user": 1,
        "content_type": 8,
        "object_id": "19",
        "object_repr": "Yamaha P-125 Digital Piano",
        "action_flag": 2,
        "change_message": "[{\"changed\": {\"fields\": [\"Price\"]}}]"
    }
},
{
    "model": "admin.logentry",
    "pk": 39,
    "fields": {
        "action_time": "2026-01-22T11:19:43.499Z",
        "user": 1,
        "content_type": 8,
        "object_id": "18",
        "object_repr": "Yamaha F310 Acoustic Guitar",
        "action_flag": 2,
        "change_message": "[{\"changed\": {\"fields\": [\"Price\"]}}]"
    }
},
{
    "model": "admin.logentry",
    "pk": 40,
    "fields": {
        "action_time": "2026-01-25T07:37:07.953Z",
        "user": 1,
        "content_type": 9,
        "object_id": "24",
        "object_repr": "Quynh - Yamaha F310 Acoustic Guitar",
        "action_flag": 3,
        "change_message": ""
    }
},
{
    "model": "admin.logentry",
    "pk": 41,
    "fields": {
        "action_time": "2026-01-25T07:37:07.953Z",
        "user": 1,
        "content_type": 9,
        "object_id": "23",
        "object_repr": "Quynh - Gibson Les Paul Studio",
        "action_flag": 3,
        "change_message": ""
    }
},
{
    "model": "admin.logentry",
    "pk": 42,
    "fields": {
        "action_time": "2026-01-25T07:37:07.953Z",
        "user": 1,
        "content_type": 9,
        "object_id": "22",
        "object_repr": "Quynh - Gibson Les Paul Studio",
        "action_flag": 3,
        "change_message": ""
    }
},
{
    "model": "admin.logentry",
    "pk": 43,
    "fields": {
        "action_time": "2026-01-25T07:37:07.953Z",
        "user": 1,
        "content_type": 9,
        "object_id": "21",
        "object_repr": "Quynh - Gibson Les Paul Studio",
        "action_flag": 3,
        "change_message": ""
    }
},
{
    "model": "admin.logentry",
    "pk": 44,
    "fields": {
        "action_time": "2026-01-25T07:37:07.953Z",
        "user": 1,
        "content_type": 9,
        "object_id": "19",
        "object_repr": "Quynh - Fender Stratocaster Standard",
        "action_flag": 3,
        "change_message": ""
    }
},
{
    "model": "admin.logentry",
    "pk": 45,
    "fields": {
        "action_time": "2026-01-25T07:37:07.953Z",
        "user": 1,
        "content_type": 9,
        "object_id": "15",
        "object_repr": "Quynh - Fender Stratocaster Standard",
        "action_flag": 3,
        "change_message": ""
    }
},
{
    "model": "admin.logentry",
    "pk": 46,
    "fields": {
        "action_time": "2026-01-25T07:37:07.953Z",
        "user": 1,
        "content_type": 9,
        "object_id": "9",
        "object_repr": "Quynh - Gibson Les Paul Studio",
        "action_flag": 3,
        "change_message": ""
    }
},
{
    "model": "admin.logentry",
    "pk": 47,
    "fields": {
        "action_time": "2026-01-25T07:37:07.953Z",
        "user": 1,
        "content_type": 9,
        "object_id": "8",
        "object_repr": "Quynh - Gibson Les Paul Studio",
        "action_flag": 3,
        "change_message": ""
    }
},
{
    "model": "admin.logentry",
    "pk": 48,
    "fields": {
        "action_time": "2026-01-25T07:37:07.953Z",
        "user": 1,
        "content_type": 9,
        "object_id": "6",
        "object_repr": "Quynh - Gibson Les Paul Studio",
        "action_flag": 3,
        "change_message": ""
    }
},
{
    "model": "admin.logentry",
    "pk": 49,
    "fields": {
        "action_time": "2026-01-25T07:37:07.953Z",
        "user": 1,
        "content_type": 9,
        "object_id": "4",
        "object_repr": "Quynh - Gibson Les Paul Studio",
        "action_flag": 3,
        "change_message": ""
    }
},
{
    "model": "admin.logentry",
    "pk": 50,
    "fields": {
        "action_time": "2026-01-25T07:37:07.953Z",
        "user": 1,
        "content_type": 9,
        "object_id": "3",
        "object_repr": "Quynh - Roland FP-30X Digital Piano",
        "action_flag": 3,
        "change_message": ""
    }
},
{
    "model": "admin.logentry",
    "pk": 51,
    "fields": {
        "action_time": "2026-01-25T07:37:07.953Z",
        "user": 1,
        "content_type": 9,
        "object_id": "2",
        "object_repr": "Quynh - Yamaha P-125 Digital Piano",
        "action_flag": 3,
        "change_message": ""
    }
},
{
    "model": "admin.logentry",
    "pk": 52,
    "fields": {
        "action_time": "2026-01-25T07:37:07.953Z",
        "user": 1,
        "content_type": 9,
        "object_id": "1",
        "object_repr": "Quynh - Yamaha P-125 Digital Piano",
        "action_flag": 3,
        "change_message": ""
    }
},
{
    "model": "auth.user",
    "pk": 1,
    "fields": {
        "password": "pbkdf2_sha256$1000000$8fz2rBeanETOP6Wc7r2lp7$vo6n+aqfQHDN944uUmBF+3Sk51M0jmKkH5EcgD4wDtk=",
        "last_login": "2026-01-22T11:13:23.255Z",
        "is_superuser": true,
        "username": "Quynh",
        "first_name": "",
        "last_name": "",
        "email": "shodakima@gmail.com",
        "is_staff": true,
        "is_active": true,
        "date_joined": "2025-12-12T09:37:02.621Z",
        "groups": [],
        "user_permissions": []
    }
},
{
    "model": "auth.user",
    "pk": 2,
    "fields": {
        "password": "pbkdf2_sha256$1000000$6BAt6C6OSibpKOkPzBz8Ni$/KrBqAgZZcvICDrkGQO1Pp6jtn0OVITzleJmnmp/dO4=",
        "last_login": null,
        "is_superuser": true,
        "username": "Vy",
        "first_name": "",
        "last_name": "",
        "email": "vy123@gmail.com",
        "is_staff": true,
        "is_active": true,
        "date_joined": "2026-01-25T11:02:31.588Z",
        "groups": [],
        "user_permissions": []
    }
},
{
    "model": "sessions.session",
    "pk": "c06gz9jybox195my223wd3clk74lmk1s",
    "fields": {
        "session_data": ".eJxVjMsOwiAQRf-FtSE8Cgwu3fcbmpkBpWogKe3K-O_apAvd3nPOfYkJt7VMW8_LNCdxFlqcfjdCfuS6g3THemuSW12XmeSuyIN2ObaUn5fD_Tso2Mu3zpwCmkysojVXax2z86Q5gPJA7IYY0CEwBMUAUUdFJvnBsTI2gtHi_QHuEDdI:1vcLo5:9b7UoSE2EsqKet0c0yuJC-JPOZYLOzkDYEQH-RBhzmg",
        "expire_date": "2026-01-18T10:57:57.455Z"
    }
},
{
    "model": "sessions.session",
    "pk": "onyn7nssyl7ujq02y17nrmuewjao6vtc",
    "fields": {
        "session_data": ".eJxVjMsOwiAQRf-FtSE8Cgwu3fcbmpkBpWogKe3K-O_apAvd3nPOfYkJt7VMW8_LNCdxFlqcfjdCfuS6g3THemuSW12XmeSuyIN2ObaUn5fD_Tso2Mu3zpwCmkysojVXax2z86Q5gPJA7IYY0CEwBMUAUUdFJvnBsTI2gtHi_QHuEDdI:1vXCRL:EfLBOrz3scosOjEmJzaH49HQh2E-sWsOMUvoPQzKwYc",
        "expire_date": "2026-01-04T05:57:11.478Z"
    }
},
{
    "model": "sessions.session",
    "pk": "wv1so8s184kcpjcehssoc7qgq3ov4m0b",
    "fields": {
        "session_data": ".eJxVjMsOwiAQRf-FtSE8Cgwu3fcbmpkBpWogKe3K-O_apAvd3nPOfYkJt7VMW8_LNCdxFlqcfjdCfuS6g3THemuSW12XmeSuyIN2ObaUn5fD_Tso2Mu3zpwCmkysojVXax2z86Q5gPJA7IYY0CEwBMUAUUdFJvnBsTI2gtHi_QHuEDdI:1visct:NsGMbKZ5wQgGQx_xGxhQqrlwCjwP9wQdrqRk5VM9TRI",
        "expire_date": "2026-02-05T11:13:23.268Z"
    }
},
{
    "model": "sessions.session",
    "pk": "zpp70za4sy6de0uondqtxgnc3ar6bznd",
    "fields": {
        "session_data": ".eJxVjMsOwiAQRf-FtSE8Cgwu3fcbmpkBpWogKe3K-O_apAvd3nPOfYkJt7VMW8_LNCdxFlqcfjdCfuS6g3THemuSW12XmeSuyIN2ObaUn5fD_Tso2Mu3zpwCmkysojVXax2z86Q5gPJA7IYY0CEwBMUAUUdFJvnBsTI2gtHi_QHuEDdI:1vW97G:mgpDiP4upXKZC3wqUJ3d29aJ4ija_KI1vO_hJ7kg3Pc",
        "expire_date": "2026-01-01T08:12:06.746Z"
    }
},
{
    "model": "products.category",
    "pk": 23,
    "fields": {
        "name": "Guitar"
    }
},
{
    "model": "products.category",
    "pk": 24,
    "fields": {
        "name": "Piano"
    }
},
{
    "model": "products.category",
    "pk": 25,
    "fields": {
        "name": "Violin"
    }
},
{
    "model": "products.category",
    "pk": 26,
    "fields": {
        "name": "Drums"
    }
},
{
    "model": "products.category",
    "pk": 27,
    "fields": {
        "name": "Ukulele"
    }
},
{
    "model": "products.category",
    "pk": 28,
    "fields": {
        "name": "Saxophone"
    }
},
{
    "model": "products.category",
    "pk": 29,
    "fields": {
        "name": "Flute"
    }
},
{
    "model": "products.brand",
    "pk": 19,
    "fields": {
        "name": "Yamaha"
    }
},
{
    "model": "products.brand",
    "pk": 20,
    "fields": {
        "name": "Fender"
    }
},
{
    "model": "products.brand",
    "pk": 21,
    "fields": {
        "name": "Gibson"
    }
},
{
    "model": "products.brand",
    "pk": 22,
    "fields": {
        "name": "Roland"
    }
},
{
    "model": "products.brand",
    "pk": 23,
    "fields": {
        "name": "Casio"
    }
},
{
    "model": "products.brand",
    "pk": 24,
    "fields": {
        "name": "Shure"
    }
},
{
    "model": "products.brand",
    "pk": 25,
    "fields": {
        "name": "AKG"
    }
},
{
    "model": "products.brand",
    "pk": 26,
    "fields": {
        "name": "Audio-Technica"
    }
},
{
    "model": "products.brand",
    "pk": 27,
    "fields": {
        "name": "Kawai"
    }
},
{
    "model": "products.brand",
    "pk": 28,
    "fields": {
        "name": "Marshall"
    }
},
{
    "model": "products.product",
    "pk": 16,
    "fields": {
        "name": "Fender Stratocaster Standard",
        "category": 23,
        "brand": 20,
        "description": "Fender Stratocaster Standard is a premium guitar designed for musicians who want high-quality sound, excellent durability, and a professional playing experience. Ideal for both beginners and advanced players looking to upgrade their equipment.",
        "original_price": "799.00",
        "price": "799.00",
        "stock": 12,
        "image": "products/images/guitar-366301_1280.jpg",
        "created_at": "2025-12-12T10:04:24.416Z"
    }
},
{
    "model": "products.product",
    "pk": 17,
    "fields": {
        "name": "Gibson Les Paul Studio",
        "category": 23,
        "brand": 21,
        "description": "Gibson Les Paul Studio is a premium guitar designed for musicians who want high-quality sound, excellent durability, and a professional playing experience. Ideal for both beginners and advanced players looking to upgrade their equipment.",
        "original_price": "1299.00",
        "price": "1299.00",
        "stock": 5,
        "image": "products/images/guitar-756326_1280.jpg",
        "created_at": "2025-12-12T10:04:24.425Z"
    }
},
{
    "model": "products.product",
    "pk": 18,
    "fields": {
        "name": "Yamaha F310 Acoustic Guitar",
        "category": 23,
        "brand": 19,
        "description": "Yamaha F310 Acoustic Guitar is a premium guitar designed for musicians who want high-quality sound, excellent durability, and a professional playing experience. Ideal for both beginners and advanced players looking to upgrade their equipment.",
        "original_price": "199.00",
        "price": "150.00",
        "stock": 20,
        "image": "products/images/guitar-2119_1280.jpg",
        "created_at": "2025-12-12T10:04:24.439Z"
    }
},
{
    "model": "products.product",
    "pk": 19,
    "fields": {
        "name": "Yamaha P-125 Digital Piano",
        "category": 24,
        "brand": 19,
        "description": "Yamaha P-125 Digital Piano is a premium piano designed for musicians who want high-quality sound, excellent durability, and a professional playing experience. Ideal for both beginners and advanced players looking to upgrade their equipment.",
        "original_price": "649.00",
        "price": "640.00",
        "stock": 10,
        "image": "products/images/piano-5607683_1280.jpg",
        "created_at": "2025-12-12T10:04:24.450Z"
    }
},
{
    "model": "products.product",
    "pk": 20,
    "fields": {
        "name": "Casio CDP-S100 Digital Piano",
        "category": 24,
        "brand": 23,
        "description": "Casio CDP-S100 Digital Piano is a premium piano designed for musicians who want high-quality sound, excellent durability, and a professional playing experience. Ideal for both beginners and advanced players looking to upgrade their equipment.",
        "original_price": "499.00",
        "price": "499.00",
        "stock": 15,
        "image": "products/images/piano-2991621_1280.jpg",
        "created_at": "2025-12-12T10:04:24.461Z"
    }
},
{
    "model": "products.product",
    "pk": 21,
    "fields": {
        "name": "Roland FP-30X Digital Piano",
        "category": 24,
        "brand": 22,
        "description": "Roland FP-30X Digital Piano is a premium piano designed for musicians who want high-quality sound, excellent durability, and a professional playing experience. Ideal for both beginners and advanced players looking to upgrade their equipment.",
        "original_price": "699.00",
        "price": "699.00",
        "stock": 8,
        "image": "products/images/piano-2171142_1280.jpg",
        "created_at": "2025-12-12T10:04:24.470Z"
    }
},
{
    "model": "products.product",
    "pk": 22,
    "fields": {
        "name": "Yamaha V3 Student Violin",
        "category": 25,
        "brand": 19,
        "description": "Yamaha V3 Student Violin is a premium violin designed for musicians who want high-quality sound, excellent durability, and a professional playing experience. Ideal for both beginners and advanced players looking to upgrade their equipment.",
        "original_price": "349.00",
        "price": "349.00",
        "stock": 7,
        "image": "products/images/violin-1061239_1280.jpg",
        "created_at": "2025-12-12T10:04:24.478Z"
    }
},
{
    "model": "products.product",
    "pk": 23,
    "fields": {
        "name": "Stentor 1500 Violin",
        "category": 25,
        "brand": 19,
        "description": "Stentor 1500 Violin is a premium violin designed for musicians who want high-quality sound, excellent durability, and a professional playing experience. Ideal for both beginners and advanced players looking to upgrade their equipment.",
        "original_price": "199.00",
        "price": "199.00",
        "stock": 10,
        "image": "products/images/violin-924349_1280.jpg",
        "created_at": "2025-12-12T10:04:24.487Z"
    }
},
{
    "model": "products.product",
    "pk": 24,
    "fields": {
        "name": "Cremona SV-130 Violin",
        "category": 25,
        "brand": 19,
        "description": "Cremona SV-130 Violin is a premium violin designed for musicians who want high-quality sound, excellent durability, and a professional playing experience. Ideal for both beginners and advanced players looking to upgrade their equipment.",
        "original_price": "259.00",
        "price": "259.00",
        "stock": 6,
        "image": "products/images/violin-7775184_1280.jpg",
        "created_at": "2025-12-12T10:04:24.494Z"
    }
},
{
    "model": "products.product",
    "pk": 25,
    "fields": {
        "name": "Roland TD-1DMK Drum Kit",
        "category": 26,
        "brand": 22,
        "description": "Roland TD-1DMK Drum Kit is a premium drums designed for musicians who want high-quality sound, excellent durability, and a professional playing experience. Ideal for both beginners and advanced players looking to upgrade their equipment.",
        "original_price": "699.00",
        "price": "699.00",
        "stock": 4,
        "image": "products/images/drum-set-1839383_1280.jpg",
        "created_at": "2025-12-12T10:04:24.502Z"
    }
},
{
    "model": "products.product",
    "pk": 26,
    "fields": {
        "name": "Yamaha DTX402K Electronic Drums",
        "category": 26,
        "brand": 19,
        "description": "Yamaha DTX402K Electronic Drums is a premium drums designed for musicians who want high-quality sound, excellent durability, and a professional playing experience. Ideal for both beginners and advanced players looking to upgrade their equipment.",
        "original_price": "499.00",
        "price": "499.00",
        "stock": 6,
        "image": "products/images/Electronic_Drums.jpg",
        "created_at": "2025-12-12T10:04:24.509Z"
    }
},
{
    "model": "products.product",
    "pk": 27,
    "fields": {
        "name": "Pearl Roadshow Drum Set",
        "category": 26,
        "brand": 19,
        "description": "Pearl Roadshow Drum Set is a premium drums designed for musicians who want high-quality sound, excellent durability, and a professional playing experience. Ideal for both beginners and advanced players looking to upgrade their equipment.",
        "original_price": "399.00",
        "price": "399.00",
        "stock": 3,
        "image": "products/images/drums-2778190_1280.jpg",
        "created_at": "2025-12-12T10:04:24.516Z"
    }
},
{
    "model": "products.product",
    "pk": 28,
    "fields": {
        "name": "Kala KA-15S Soprano Ukulele",
        "category": 27,
        "brand": 19,
        "description": "Kala KA-15S Soprano Ukulele is a premium ukulele designed for musicians who want high-quality sound, excellent durability, and a professional playing experience. Ideal for both beginners and advanced players looking to upgrade their equipment.",
        "original_price": "89.00",
        "price": "89.00",
        "stock": 25,
        "image": "products/images/ukulele-6790888_1280.jpg",
        "created_at": "2025-12-12T10:04:24.524Z"
    }
},
{
    "model": "products.product",
    "pk": 29,
    "fields": {
        "name": "Mahalo MR1 Ukulele",
        "category": 27,
        "brand": 19,
        "description": "Mahalo MR1 Ukulele is a premium ukulele designed for musicians who want high-quality sound, excellent durability, and a professional playing experience. Ideal for both beginners and advanced players looking to upgrade their equipment.",
        "original_price": "49.00",
        "price": "49.00",
        "stock": 30,
        "image": "products/images/ukulele.jpg",
        "created_at": "2025-12-12T10:04:24.531Z"
    }
},
{
    "model": "products.product",
    "pk": 30,
    "fields": {
        "name": "Luna Tattoo Concert Ukulele",
        "category": 27,
        "brand": 20,
        "description": "Luna Tattoo Concert Ukulele is a premium ukulele designed for musicians who want high-quality sound, excellent durability, and a professional playing experience. Ideal for both beginners and advanced players looking to upgrade their equipment.",
        "original_price": "119.00",
        "price": "119.00",
        "stock": 12,
        "image": "products/images/ukulele-1376516_1280.jpg",
        "created_at": "2025-12-12T10:04:24.539Z"
    }
},
{
    "model": "products.product",
    "pk": 31,
    "fields": {
        "name": "Yamaha YAS-280 Alto Saxophone",
        "category": 28,
        "brand": 19,
        "description": "Yamaha YAS-280 Alto Saxophone is a premium saxophone designed for musicians who want high-quality sound, excellent durability, and a professional playing experience. Ideal for both beginners and advanced players looking to upgrade their equipment.",
        "original_price": "1300.00",
        "price": "1300.00",
        "stock": 3,
        "image": "products/images/saxophone-1412218_1920.jpg",
        "created_at": "2025-12-12T10:04:24.545Z"
    }
},
{
    "model": "products.product",
    "pk": 32,
    "fields": {
        "name": "Jean Paul AS-400 Saxophone",
        "category": 28,
        "brand": 22,
        "description": "Jean Paul AS-400 Saxophone is a premium saxophone designed for musicians who want high-quality sound, excellent durability, and a professional playing experience. Ideal for both beginners and advanced players looking to upgrade their equipment.",
        "original_price": "499.00",
        "price": "499.00",
        "stock": 5,
        "image": "products/images/saxophone-3435687_1920.jpg",
        "created_at": "2025-12-12T10:04:24.552Z"
    }
},
{
    "model": "products.product",
    "pk": 33,
    "fields": {
        "name": "Selmer Prelude AS711",
        "category": 28,
        "brand": 19,
        "description": "Selmer Prelude AS711 is a premium saxophone designed for musicians who want high-quality sound, excellent durability, and a professional playing experience. Ideal for both beginners and advanced players looking to upgrade their equipment.",
        "original_price": "799.00",
        "price": "799.00",
        "stock": 4,
        "image": "products/images/saxophone-6591475_1920.jpg",
        "created_at": "2025-12-12T10:04:24.559Z"
    }
},
{
    "model": "products.product",
    "pk": 34,
    "fields": {
        "name": "Yamaha YFL-222 Flute",
        "category": 29,
        "brand": 19,
        "description": "Yamaha YFL-222 Flute is a premium flute designed for musicians who want high-quality sound, excellent durability, and a professional playing experience. Ideal for both beginners and advanced players looking to upgrade their equipment.",
        "original_price": "499.00",
        "price": "499.00",
        "stock": 8,
        "image": "products/images/Yamaha_Flute.jpg",
        "created_at": "2025-12-12T10:04:24.566Z"
    }
},
{
    "model": "products.product",
    "pk": 35,
    "fields": {
        "name": "Gemeinhardt 2SP Flute",
        "category": 29,
        "brand": 22,
        "description": "Gemeinhardt 2SP Flute is a premium flute designed for musicians who want high-quality sound, excellent durability, and a professional playing experience. Ideal for both beginners and advanced players looking to upgrade their equipment.",
        "original_price": "399.00",
        "price": "300.00",
        "stock": 6,
        "image": "products/images/flute-1758800_1280.jpg",
        "created_at": "2025-12-12T10:04:24.573Z"
    }
},
{
    "model": "products.product",
    "pk": 36,
    "fields": {
        "name": "Jupiter JFL700 Flute",
        "category": 29,
        "brand": 23,
        "description": "Jupiter JFL700 Flute is a premium flute designed for musicians who want high-quality sound, excellent durability, and a professional playing experience. Ideal for both beginners and advanced players looking to upgrade their equipment.",
        "original_price": "449.00",
        "price": "449.00",
        "stock": 5,
        "image": "products/images/flute-1758799_1280.jpg",
        "created_at": "2025-12-12T10:04:24.579Z"
    }
},
{
    "model": "products.productimage",
    "pk": 1,
    "fields": {
        "product": 18,
        "image": "products/images/pexels-grevinkivi-1716580.jpg",
        "is_main": false
    }
},
{
    "model": "products.productimage",
    "pk": 2,
    "fields": {
        "product": 18,
        "image": "products/images/pexels-tomaz-barcellos-999425-2021348.jpg",
        "is_main": false
    }
},
{
    "model": "products.productimage",
    "pk": 3,
    "fields": {
        "product": 18,
        "image": "products/images/pexels-lanius-2118045.jpg",
        "is_main": false
    }
},
{
    "model": "products.review",
    "pk": 25,
    "fields": {
        "product": 16,
        "user": 1,
        "rating": 5,
        "comment": "Âm thanh rất hay, chơi lên nghe rõ và ấm.",
        "created_at": "2026-01-25T07:39:55.758Z",
        "sentiment": "positive"
    }
},
{
    "model": "products.review",
    "pk": 26,
    "fields": {
        "product": 16,
        "user": 1,
        "rating": 4,
        "comment": "Đàn đẹp hơn trong hình, đóng gói kỹ.",
        "created_at": "2026-01-25T07:40:18.428Z",
        "sentiment": "positive"
    }
},
{
    "model": "products.review",
    "pk": 27,
    "fields": {
        "product": 16,
        "user": 1,
        "rating": 4,
        "comment": "Sản phẩm dùng ổn trong tầm giá.",
        "created_at": "2026-01-25T07:40:39.285Z",
        "sentiment": "positive"
    }
},
{
    "model": "products.review",
    "pk": 28,
    "fields": {
        "product": 16,
        "user": 1,
        "rating": 3,
        "comment": "Âm thanh bình thường, không quá nổi bật.",
        "created_at": "2026-01-25T07:40:50.464Z",
        "sentiment": "neutral"
    }
},
{
    "model": "products.review",
    "pk": 29,
    "fields": {
        "product": 16,
        "user": 1,
        "rating": 2,
        "comment": "Âm thanh khá tệ, nghe bị đục.",
        "created_at": "2026-01-25T07:41:05.774Z",
        "sentiment": "negative"
    }
},
{
    "model": "products.review",
    "pk": 30,
    "fields": {
        "product": 17,
        "user": 1,
        "rating": 3,
        "comment": "Chất lượng không xứng với giá tiền.",
        "created_at": "2026-01-25T07:41:33.969Z",
        "sentiment": "negative"
    }
},
{
    "model": "products.review",
    "pk": 31,
    "fields": {
        "product": 17,
        "user": 1,
        "rating": 3,
        "comment": "Âm không chuẩn, phải chỉnh lại nhiều.",
        "created_at": "2026-01-25T07:41:49.795Z",
        "sentiment": "negative"
    }
},
{
    "model": "products.review",
    "pk": 32,
    "fields": {
        "product": 18,
        "user": 1,
        "rating": 5,
        "comment": "Đóng gói ổn, sản phẩm không trầy xước.",
        "created_at": "2026-01-25T07:42:19.786Z",
        "sentiment": "positive"
    }
},
{
    "model": "products.review",
    "pk": 33,
    "fields": {
        "product": 18,
        "user": 1,
        "rating": 5,
        "comment": "Chơi trong phòng thì ổn.",
        "created_at": "2026-01-25T07:42:32.216Z",
        "sentiment": "neutral"
    }
},
{
    "model": "products.review",
    "pk": 34,
    "fields": {
        "product": 18,
        "user": 1,
        "rating": 5,
        "comment": "Đáng tiền, sẽ ủng hộ shop lần sau.",
        "created_at": "2026-01-25T07:42:48.143Z",
        "sentiment": "positive"
    }
},
{
    "model": "products.review",
    "pk": 35,
    "fields": {
        "product": 19,
        "user": 1,
        "rating": 5,
        "comment": "Phù hợp cho người mới lẫn người chơi lâu năm.",
        "created_at": "2026-01-25T07:43:10.488Z",
        "sentiment": "neutral"
    }
},
{
    "model": "products.review",
    "pk": 36,
    "fields": {
        "product": 19,
        "user": 1,
        "rating": 5,
        "comment": "Đúng hàng chính hãng, yên tâm sử dụng.",
        "created_at": "2026-01-25T07:43:22.178Z",
        "sentiment": "positive"
    }
},
{
    "model": "products.review",
    "pk": 37,
    "fields": {
        "product": 20,
        "user": 1,
        "rating": 5,
        "comment": "Sản phẩm vượt mong đợi.",
        "created_at": "2026-01-25T07:43:41.676Z",
        "sentiment": "positive"
    }
},
{
    "model": "products.review",
    "pk": 38,
    "fields": {
        "product": 20,
        "user": 1,
        "rating": 3,
        "comment": "Chơi trong phòng thì ổn.",
        "created_at": "2026-01-25T07:43:59.805Z",
        "sentiment": "neutral"
    }
},
{
    "model": "products.review",
    "pk": 39,
    "fields": {
        "product": 22,
        "user": 1,
        "rating": 3,
        "comment": "Chơi lên bị rè, không hài lòng.",
        "created_at": "2026-01-25T07:44:23.742Z",
        "sentiment": "negative"
    }
},
{
    "model": "products.review",
    "pk": 40,
    "fields": {
        "product": 22,
        "user": 1,
        "rating": 5,
        "comment": "Âm chưa thật sự nổi nhưng chấp nhận được.",
        "created_at": "2026-01-25T07:44:37.535Z",
        "sentiment": "neutral"
    }
},
{
    "model": "products.review",
    "pk": 41,
    "fields": {
        "product": 22,
        "user": 1,
        "rating": 5,
        "comment": "Thiết kế đẹp, nhìn rất sang.",
        "created_at": "2026-01-25T07:44:54.938Z",
        "sentiment": "positive"
    }
},
{
    "model": "products.reviewimage",
    "pk": 18,
    "fields": {
        "review": 25,
        "image": "products/reviews/guitar_d7Kbn8s.jpg"
    }
},
{
    "model": "products.reviewimage",
    "pk": 19,
    "fields": {
        "review": 25,
        "image": "products/reviews/OIP_fG5rMLJ.jpg"
    }
}
]
