[
{
  "model": "admin.logentry",
  "pk": 1,
  "fields": {
    "action_time": "2025-12-12T11:12:09.567Z",
    "user": 1,
    "content_type": 7,
    "object_id": "32",
    "object_repr": "Studio Equipment",
    "action_flag": 3,
    "change_message": ""
  }
},
{
  "model": "admin.logentry",
  "pk": 2,
  "fields": {
    "action_time": "2025-12-12T11:12:09.567Z",
    "user": 1,
    "content_type": 7,
    "object_id": "31",
    "object_repr": "Headphone",
    "action_flag": 3,
    "change_message": ""
  }
},
{
  "model": "admin.logentry",
  "pk": 3,
  "fields": {
    "action_time": "2025-12-12T11:12:09.567Z",
    "user": 1,
    "content_type": 7,
    "object_id": "30",
    "object_repr": "Microphone",
    "action_flag": 3,
    "change_message": ""
  }
},
{
  "model": "admin.logentry",
  "pk": 4,
  "fields": {
    "action_time": "2025-12-12T11:26:45.322Z",
    "user": 1,
    "content_type": 8,
    "object_id": "36",
    "object_repr": "Jupiter JFL700 Flute",
    "action_flag": 2,
    "change_message": "[{\"changed\": {\"fields\": [\"Image\"]}}]"
  }
},
{
  "model": "admin.logentry",
  "pk": 5,
  "fields": {
    "action_time": "2025-12-12T11:27:58.947Z",
    "user": 1,
    "content_type": 8,
    "object_id": "35",
    "object_repr": "Gemeinhardt 2SP Flute",
    "action_flag": 2,
    "change_message": "[{\"changed\": {\"fields\": [\"Image\"]}}]"
  }
},
{
  "model": "admin.logentry",
  "pk": 6,
  "fields": {
    "action_time": "2025-12-12T11:27:58.953Z",
    "user": 1,
    "content_type": 8,
    "object_id": "33",
    "object_repr": "Selmer Prelude AS711",
    "action_flag": 2,
    "change_message": "[{\"changed\": {\"fields\": [\"Image\"]}}]"
  }
},
{
  "model": "admin.logentry",
  "pk": 7,
  "fields": {
    "action_time": "2025-12-12T11:27:58.959Z",
    "user": 1,
    "content_type": 8,
    "object_id": "32",
    "object_repr": "Jean Paul AS-400 Saxophone",
    "action_flag": 2,
    "change_message": "[{\"changed\": {\"fields\": [\"Image\"]}}]"
  }
},
{
  "model": "admin.logentry",
  "pk": 8,
  "fields": {
    "action_time": "2025-12-12T11:27:58.965Z",
    "user": 1,
    "content_type": 8,
    "object_id": "31",
    "object_repr": "Yamaha YAS-280 Alto Saxophone",
    "action_flag": 2,
    "change_message": "[{\"changed\": {\"fields\": [\"Image\"]}}]"
  }
},
{
  "model": "admin.logentry",
  "pk": 9,
  "fields": {
    "action_time": "2025-12-12T11:29:23.003Z",
    "user": 1,
    "content_type": 8,
    "object_id": "30",
    "object_repr": "Luna Tattoo Concert Ukulele",
    "action_flag": 2,
    "change_message": "[{\"changed\": {\"fields\": [\"Image\"]}}]"
  }
},
{
  "model": "admin.logentry",
  "pk": 10,
  "fields": {
    "action_time": "2025-12-12T11:29:23.013Z",
    "user": 1,
    "content_type": 8,
    "object_id": "28",
    "object_repr": "Kala KA-15S Soprano Ukulele",
    "action_flag": 2,
    "change_message": "[{\"changed\": {\"fields\": [\"Image\"]}}]"
  }
},
{
  "model": "admin.logentry",
  "pk": 11,
  "fields": {
    "action_time": "2025-12-12T11:31:11.235Z",
    "user": 1,
    "content_type": 8,
    "object_id": "27",
    "object_repr": "Pearl Roadshow Drum Set",
    "action_flag": 2,
    "change_message": "[{\"changed\": {\"fields\": [\"Image\"]}}]"
  }
},
{
  "model": "admin.logentry",
  "pk": 12,
  "fields": {
    "action_time": "2025-12-12T11:31:11.243Z",
    "user": 1,
    "content_type": 8,
    "object_id": "25",
    "object_repr": "Roland TD-1DMK Drum Kit",
    "action_flag": 2,
    "change_message": "[{\"changed\": {\"fields\": [\"Image\"]}}]"
  }
},
{
  "model": "admin.logentry",
  "pk": 13,
  "fields": {
    "action_time": "2025-12-12T11:31:11.249Z",
    "user": 1,
    "content_type": 8,
    "object_id": "24",
    "object_repr": "Cremona SV-130 Violin",
    "action_flag": 2,
    "change_message": "[{\"changed\": {\"fields\": [\"Image\"]}}]"
  }
},
{
  "model": "admin.logentry",
  "pk": 14,
  "fields": {
    "action_time": "2025-12-12T11:31:11.257Z",
    "user": 1,
    "content_type": 8,
    "object_id": "23",
    "object_repr": "Stentor 1500 Violin",
    "action_flag": 2,
    "change_message": "[{\"changed\": {\"fields\": [\"Image\"]}}]"
  }
},
{
  "model": "admin.logentry",
  "pk": 15,
  "fields": {
    "action_time": "2025-12-12T11:31:11.265Z",
    "user": 1,
    "content_type": 8,
    "object_id": "22",
    "object_repr": "Yamaha V3 Student Violin",
    "action_flag": 2,
    "change_message": "[{\"changed\": {\"fields\": [\"Image\"]}}]"
  }
},
{
  "model": "admin.logentry",
  "pk": 16,
  "fields": {
    "action_time": "2025-12-12T11:31:11.272Z",
    "user": 1,
    "content_type": 8,
    "object_id": "21",
    "object_repr": "Roland FP-30X Digital Piano",
    "action_flag": 2,
    "change_message": "[{\"changed\": {\"fields\": [\"Image\"]}}]"
  }
},
{
  "model": "admin.logentry",
  "pk": 17,
  "fields": {
    "action_time": "2025-12-12T11:31:11.279Z",
    "user": 1,
    "content_type": 8,
    "object_id": "20",
    "object_repr": "Casio CDP-S100 Digital Piano",
    "action_flag": 2,
    "change_message": "[{\"changed\": {\"fields\": [\"Image\"]}}]"
  }
},
{
  "model": "admin.logentry",
  "pk": 18,
  "fields": {
    "action_time": "2025-12-12T11:31:11.287Z",
    "user": 1,
    "content_type": 8,
    "object_id": "19",
    "object_repr": "Yamaha P-125 Digital Piano",
    "action_flag": 2,
    "change_message": "[{\"changed\": {\"fields\": [\"Image\"]}}]"
  }
},
{
  "model": "admin.logentry",
  "pk": 19,
  "fields": {
    "action_time": "2025-12-12T11:31:11.294Z",
    "user": 1,
    "content_type": 8,
    "object_id": "18",
    "object_repr": "Yamaha F310 Acoustic Guitar",
    "action_flag": 2,
    "change_message": "[{\"changed\": {\"fields\": [\"Image\"]}}]"
  }
},
{
  "model": "admin.logentry",
  "pk": 20,
  "fields": {
    "action_time": "2025-12-12T11:31:11.300Z",
    "user": 1,
    "content_type": 8,
    "object_id": "17",
    "object_repr": "Gibson Les Paul Studio",
    "action_flag": 2,
    "change_message": "[{\"changed\": {\"fields\": [\"Image\"]}}]"
  }
},
{
  "model": "admin.logentry",
  "pk": 21,
  "fields": {
    "action_time": "2025-12-12T11:33:37.137Z",
    "user": 1,
    "content_type": 8,
    "object_id": "16",
    "object_repr": "Fender Stratocaster Standard",
    "action_flag": 2,
    "change_message": "[{\"changed\": {\"fields\": [\"Image\"]}}]"
  }
},
{
  "model": "admin.logentry",
  "pk": 22,
  "fields": {
    "action_time": "2025-12-21T07:57:46.457Z",
    "user": 1,
    "content_type": 9,
    "object_id": "7",
    "object_repr": "Quynh - Gibson Les Paul Studio",
    "action_flag": 3,
    "change_message": ""
  }
},
{
  "model": "admin.logentry",
  "pk": 23,
  "fields": {
    "action_time": "2025-12-21T07:57:46.457Z",
    "user": 1,
    "content_type": 9,
    "object_id": "5",
    "object_repr": "Quynh - Gibson Les Paul Studio",
    "action_flag": 3,
    "change_message": ""
  }
},
{
  "model": "admin.logentry",
  "pk": 24,
  "fields": {
    "action_time": "2025-12-21T08:11:52.407Z",
    "user": 1,
    "content_type": 8,
    "object_id": "34",
    "object_repr": "Yamaha YFL-222 Flute",
    "action_flag": 2,
    "change_message": "[{\"changed\": {\"fields\": [\"Image\"]}}]"
  }
},
{
  "model": "admin.logentry",
  "pk": 25,
  "fields": {
    "action_time": "2025-12-21T08:12:37.710Z",
    "user": 1,
    "content_type": 8,
    "object_id": "26",
    "object_repr": "Yamaha DTX402K Electronic Drums",
    "action_flag": 2,
    "change_message": "[{\"changed\": {\"fields\": [\"Image\"]}}]"
  }
},
{
  "model": "admin.logentry",
  "pk": 26,
  "fields": {
    "action_time": "2025-12-21T08:13:03.225Z",
    "user": 1,
    "content_type": 8,
    "object_id": "29",
    "object_repr": "Mahalo MR1 Ukulele",
    "action_flag": 2,
    "change_message": "[{\"changed\": {\"fields\": [\"Image\"]}}]"
  }
},
{
  "model": "admin.logentry",
  "pk": 27,
  "fields": {
    "action_time": "2025-12-21T10:57:32.518Z",
    "user": 1,
    "content_type": 9,
    "object_id": "11",
    "object_repr": "Quynh - Fender Stratocaster Standard",
    "action_flag": 3,
    "change_message": ""
  }
},
{
  "model": "admin.logentry",
  "pk": 28,
  "fields": {
    "action_time": "2025-12-21T10:57:32.518Z",
    "user": 1,
    "content_type": 9,
    "object_id": "10",
    "object_repr": "Quynh - Fender Stratocaster Standard",
    "action_flag": 3,
    "change_message": ""
  }
},
{
  "model": "admin.logentry",
  "pk": 29,
  "fields": {
    "action_time": "2025-12-21T11:20:03.522Z",
    "user": 1,
    "content_type": 9,
    "object_id": "14",
    "object_repr": "Quynh - Fender Stratocaster Standard",
    "action_flag": 3,
    "change_message": ""
  }
},
{
  "model": "admin.logentry",
  "pk": 30,
  "fields": {
    "action_time": "2025-12-21T11:20:03.522Z",
    "user": 1,
    "content_type": 9,
    "object_id": "13",
    "object_repr": "Quynh - Fender Stratocaster Standard",
    "action_flag": 3,
    "change_message": ""
  }
},
{
  "model": "admin.logentry",
  "pk": 31,
  "fields": {
    "action_time": "2025-12-21T11:20:03.522Z",
    "user": 1,
    "content_type": 9,
    "object_id": "12",
    "object_repr": "Quynh - Fender Stratocaster Standard",
    "action_flag": 3,
    "change_message": ""
  }
},
{
  "model": "admin.logentry",
  "pk": 32,
  "fields": {
    "action_time": "2025-12-21T11:29:36.113Z",
    "user": 1,
    "content_type": 9,
    "object_id": "18",
    "object_repr": "Quynh - Yamaha F310 Acoustic Guitar",
    "action_flag": 3,
    "change_message": ""
  }
},
{
  "model": "admin.logentry",
  "pk": 33,
  "fields": {
    "action_time": "2025-12-21T11:29:36.114Z",
    "user": 1,
    "content_type": 9,
    "object_id": "17",
    "object_repr": "Quynh - Yamaha F310 Acoustic Guitar",
    "action_flag": 3,
    "change_message": ""
  }
},
{
  "model": "admin.logentry",
  "pk": 34,
  "fields": {
    "action_time": "2025-12-21T11:29:36.114Z",
    "user": 1,
    "content_type": 9,
    "object_id": "16",
    "object_repr": "Quynh - Yamaha F310 Acoustic Guitar",
    "action_flag": 3,
    "change_message": ""
  }
},
{
  "model": "admin.logentry",
  "pk": 35,
  "fields": {
    "action_time": "2025-12-21T12:01:17.960Z",
    "user": 1,
    "content_type": 8,
    "object_id": "18",
    "object_repr": "Yamaha F310 Acoustic Guitar",
    "action_flag": 2,
    "change_message": "[{\"added\": {\"name\": \"product image\", \"object\": \"Yamaha F310 Acoustic Guitar image\"}}, {\"added\": {\"name\": \"product image\", \"object\": \"Yamaha F310 Acoustic Guitar image\"}}, {\"added\": {\"name\": \"product image\", \"object\": \"Yamaha F310 Acoustic Guitar image\"}}]"
  }
},
{
  "model": "admin.logentry",
  "pk": 36,
  "fields": {
    "action_time": "2025-12-21T13:50:18.701Z",
    "user": 1,
    "content_type": 9,
    "object_id": "20",
    "object_repr": "Quynh - Fender Stratocaster Standard",
    "action_flag": 3,
    "change_message": ""
  }
},
{
  "model": "admin.logentry",
  "pk": 37,
  "fields": {
    "action_time": "2026-01-22T11:15:46.190Z",
    "user": 1,
    "content_type": 8,
    "object_id": "35",
    "object_repr": "Gemeinhardt 2SP Flute",
    "action_flag": 2,
    "change_message": "[{\"changed\": {\"fields\": [\"Price\"]}}]"
  }
},
{
  "model": "admin.logentry",
  "pk": 38,
  "fields": {
    "action_time": "2026-01-22T11:19:43.497Z",
    "user": 1,
    "content_type": 8,
    "object_id": "19",
    "object_repr": "Yamaha P-125 Digital Piano",
    "action_flag": 2,
    "change_message": "[{\"changed\": {\"fields\": [\"Price\"]}}]"
  }
},
{
  "model": "admin.logentry",
  "pk": 39,
  "fields": {
    "action_time": "2026-01-22T11:19:43.499Z",
    "user": 1,
    "content_type": 8,
    "object_id": "18",
    "object_repr": "Yamaha F310 Acoustic Guitar",
    "action_flag": 2,
    "change_message": "[{\"changed\": {\"fields\": [\"Price\"]}}]"
  }
},
{
  "model": "admin.logentry",
  "pk": 40,
  "fields": {
    "action_time": "2026-01-25T07:37:07.953Z",
    "user": 1,
    "content_type": 9,
    "object_id": "24",
    "object_repr": "Quynh - Yamaha F310 Acoustic Guitar",
    "action_flag": 3,
    "change_message": ""
  }
},
{
  "model": "admin.logentry",
  "pk": 41,
  "fields": {
    "action_time": "2026-01-25T07:37:07.953Z",
    "user": 1,
    "content_type": 9,
    "object_id": "23",
    "object_repr": "Quynh - Gibson Les Paul Studio",
    "action_flag": 3,
    "change_message": ""
  }
},
{
  "model": "admin.logentry",
  "pk": 42,
  "fields": {
    "action_time": "2026-01-25T07:37:07.953Z",
    "user": 1,
    "content_type": 9,
    "object_id": "22",
    "object_repr": "Quynh - Gibson Les Paul Studio",
    "action_flag": 3,
    "change_message": ""
  }
},
{
  "model": "admin.logentry",
  "pk": 43,
  "fields": {
    "action_time": "2026-01-25T07:37:07.953Z",
    "user": 1,
    "content_type": 9,
    "object_id": "21",
    "object_repr": "Quynh - Gibson Les Paul Studio",
    "action_flag": 3,
    "change_message": ""
  }
},
{
  "model": "admin.logentry",
  "pk": 44,
  "fields": {
    "action_time": "2026-01-25T07:37:07.953Z",
    "user": 1,
    "content_type": 9,
    "object_id": "19",
    "object_repr": "Quynh - Fender Stratocaster Standard",
    "action_flag": 3,
    "change_message": ""
  }
},
{
  "model": "admin.logentry",
  "pk": 45,
  "fields": {
    "action_time": "2026-01-25T07:37:07.953Z",
    "user": 1,
    "content_type": 9,
    "object_id": "15",
    "object_repr": "Quynh - Fender Stratocaster Standard",
    "action_flag": 3,
    "change_message": ""
  }
},
{
  "model": "admin.logentry",
  "pk": 46,
  "fields": {
    "action_time": "2026-01-25T07:37:07.953Z",
    "user": 1,
    "content_type": 9,
    "object_id": "9",
    "object_repr": "Quynh - Gibson Les Paul Studio",
    "action_flag": 3,
    "change_message": ""
  }
},
{
  "model": "admin.logentry",
  "pk": 47,
  "fields": {
    "action_time": "2026-01-25T07:37:07.953Z",
    "user": 1,
    "content_type": 9,
    "object_id": "8",
    "object_repr": "Quynh - Gibson Les Paul Studio",
    "action_flag": 3,
    "change_message": ""
  }
},
{
  "model": "admin.logentry",
  "pk": 48,
  "fields": {
    "action_time": "2026-01-25T07:37:07.953Z",
    "user": 1,
    "content_type": 9,
    "object_id": "6",
    "object_repr": "Quynh - Gibson Les Paul Studio",
    "action_flag": 3,
    "change_message": ""
  }
},
{
  "model": "admin.logentry",
  "pk": 49,
  "fields": {
    "action_time": "2026-01-25T07:37:07.953Z",
    "user": 1,
    "content_type": 9,
    "object_id": "4",
    "object_repr": "Quynh - Gibson Les Paul Studio",
    "action_flag": 3,
    "change_message": ""
  }
},
{
  "model": "admin.logentry",
  "pk": 50,
  "fields": {
    "action_time": "2026-01-25T07:37:07.953Z",
    "user": 1,
    "content_type": 9,
    "object_id": "3",
    "object_repr": "Quynh - Roland FP-30X Digital Piano",
    "action_flag": 3,
    "change_message": ""
  }
},
{
  "model": "admin.logentry",
  "pk": 51,
  "fields": {
    "action_time": "2026-01-25T07:37:07.953Z",
    "user": 1,
    "content_type": 9,
    "object_id": "2",
    "object_repr": "Quynh - Yamaha P-125 Digital Piano",
    "action_flag": 3,
    "change_message": ""
  }
},
{
  "model": "admin.logentry",
  "pk": 52,
  "fields": {
    "action_time": "2026-01-25T07:37:07.953Z",
    "user": 1,
    "content_type": 9,
    "object_id": "1",
    "object_repr": "Quynh - Yamaha P-125 Digital Piano",
    "action_flag": 3,
    "change_message": ""
  }
},
{
  "model": "admin.logentry",
  "pk": 53,
  "fields": {
    "action_time": "2026-01-25T10:02:42.632Z",
    "user": 1,
    "content_type": 22,
    "object_id": "1",
    "object_repr": "FlashSale object (1)",
    "action_flag": 1,
    "change_message": "[{\"added\": {}}]"
  }
},
{
  "model": "admin.logentry",
  "pk": 54,
  "fields": {
    "action_time": "2026-01-25T10:02:59.178Z",
    "user": 1,
    "content_type": 22,
    "object_id": "2",
    "object_repr": "FlashSale object (2)",
    "action_flag": 1,
    "change_message": "[{\"added\": {}}]"
  }
},
{
  "model": "admin.logentry",
  "pk": 55,
  "fields": {
    "action_time": "2026-01-25T10:03:54.300Z",
    "user": 1,
    "content_type": 22,
    "object_id": "3",
    "object_repr": "FlashSale object (3)",
    "action_flag": 1,
    "change_message": "[{\"added\": {}}]"
  }
},
{
  "model": "admin.logentry",
  "pk": 56,
  "fields": {
    "action_time": "2026-01-25T10:59:55.314Z",
    "user": 1,
    "content_type": 22,
    "object_id": "4",
    "object_repr": "FlashSale object (4)",
    "action_flag": 1,
    "change_message": "[{\"added\": {}}]"
  }
},
{
  "model": "admin.logentry",
  "pk": 57,
  "fields": {
    "action_time": "2026-01-25T11:00:13.823Z",
    "user": 1,
    "content_type": 22,
    "object_id": "5",
    "object_repr": "FlashSale object (5)",
    "action_flag": 1,
    "change_message": "[{\"added\": {}}]"
  }
},
{
  "model": "admin.logentry",
  "pk": 58,
  "fields": {
    "action_time": "2026-01-26T06:22:20.787Z",
    "user": 1,
    "content_type": 22,
    "object_id": "6",
    "object_repr": "FlashSale object (6)",
    "action_flag": 1,
    "change_message": "[{\"added\": {}}]"
  }
},
{
  "model": "admin.logentry",
  "pk": 59,
  "fields": {
    "action_time": "2026-01-26T06:22:43.074Z",
    "user": 1,
    "content_type": 22,
    "object_id": "7",
    "object_repr": "FlashSale object (7)",
    "action_flag": 1,
    "change_message": "[{\"added\": {}}]"
  }
},
{
  "model": "admin.logentry",
  "pk": 60,
  "fields": {
    "action_time": "2026-01-26T06:22:55.632Z",
    "user": 1,
    "content_type": 22,
    "object_id": "8",
    "object_repr": "FlashSale object (8)",
    "action_flag": 1,
    "change_message": "[{\"added\": {}}]"
  }
},
{
  "model": "admin.logentry",
  "pk": 61,
  "fields": {
    "action_time": "2026-01-26T06:23:09.396Z",
    "user": 1,
    "content_type": 22,
    "object_id": "9",
    "object_repr": "FlashSale object (9)",
    "action_flag": 1,
    "change_message": "[{\"added\": {}}]"
  }
},
{
  "model": "admin.logentry",
  "pk": 62,
  "fields": {
    "action_time": "2026-01-26T06:23:38.752Z",
    "user": 1,
    "content_type": 22,
    "object_id": "10",
    "object_repr": "FlashSale object (10)",
    "action_flag": 1,
    "change_message": "[{\"added\": {}}]"
  }
},
{
  "model": "admin.logentry",
  "pk": 63,
  "fields": {
    "action_time": "2026-01-26T10:39:08.455Z",
    "user": 1,
    "content_type": 22,
    "object_id": "1",
    "object_repr": "FlashSale Gibson Les Paul Studio",
    "action_flag": 1,
    "change_message": "[{\"added\": {}}]"
  }
},
{
  "model": "admin.logentry",
  "pk": 64,
  "fields": {
    "action_time": "2026-01-26T10:39:22.915Z",
    "user": 1,
    "content_type": 22,
    "object_id": "2",
    "object_repr": "FlashSale Yamaha P-125 Digital Piano",
    "action_flag": 1,
    "change_message": "[{\"added\": {}}]"
  }
},
{
  "model": "admin.logentry",
  "pk": 65,
  "fields": {
    "action_time": "2026-01-26T10:39:32.637Z",
    "user": 1,
    "content_type": 22,
    "object_id": "3",
    "object_repr": "FlashSale Yamaha V3 Student Violin",
    "action_flag": 1,
    "change_message": "[{\"added\": {}}]"
  }
},
{
  "model": "admin.logentry",
  "pk": 66,
  "fields": {
    "action_time": "2026-01-26T10:39:45.849Z",
    "user": 1,
    "content_type": 22,
    "object_id": "4",
    "object_repr": "FlashSale Yamaha V3 Student Violin",
    "action_flag": 1,
    "change_message": "[{\"added\": {}}]"
  }
},
{
  "model": "admin.logentry",
  "pk": 67,
  "fields": {
    "action_time": "2026-01-26T10:39:56.628Z",
    "user": 1,
    "content_type": 22,
    "object_id": "5",
    "object_repr": "FlashSale Yamaha YAS-280 Alto Saxophone",
    "action_flag": 1,
    "change_message": "[{\"added\": {}}]"
  }
},
{
  "model": "admin.logentry",
  "pk": 68,
  "fields": {
    "action_time": "2026-01-26T11:05:17.309Z",
    "user": 1,
    "content_type": 22,
    "object_id": "6",
    "object_repr": "FlashSale Yamaha V3 Student Violin",
    "action_flag": 1,
    "change_message": "[{\"added\": {}}]"
  }
},
{
  "model": "admin.logentry",
  "pk": 69,
  "fields": {
    "action_time": "2026-01-27T07:40:50.874Z",
    "user": 1,
    "content_type": 22,
    "object_id": "7",
    "object_repr": "FlashSale Yamaha P-125 Digital Piano",
    "action_flag": 1,
    "change_message": "[{\"added\": {}}]"
  }
},
{
  "model": "admin.logentry",
  "pk": 70,
  "fields": {
    "action_time": "2026-01-27T07:41:04.600Z",
    "user": 1,
    "content_type": 22,
    "object_id": "8",
    "object_repr": "FlashSale Yamaha F310 Acoustic Guitar",
    "action_flag": 1,
    "change_message": "[{\"added\": {}}]"
  }
},
{
  "model": "admin.logentry",
  "pk": 71,
  "fields": {
    "action_time": "2026-01-28T02:28:35.416Z",
    "user": 1,
    "content_type": 22,
    "object_id": "9",
    "object_repr": "FlashSale Roland FP-30X Digital Piano",
    "action_flag": 1,
    "change_message": "[{\"added\": {}}]"
  }
},
{
  "model": "admin.logentry",
  "pk": 72,
  "fields": {
    "action_time": "2026-01-28T02:30:45.367Z",
    "user": 1,
    "content_type": 22,
    "object_id": "10",
    "object_repr": "FlashSale Cremona SV-130 Violin",
    "action_flag": 1,
    "change_message": "[{\"added\": {}}]"
  }
},
{
  "model": "admin.logentry",
  "pk": 73,
  "fields": {
    "action_time": "2026-01-28T02:31:06.207Z",
    "user": 1,
    "content_type": 22,
    "object_id": "11",
    "object_repr": "FlashSale Roland FP-30X Digital Piano",
    "action_flag": 1,
    "change_message": "[{\"added\": {}}]"
  }
},
{
  "model": "admin.logentry",
  "pk": 74,
  "fields": {
    "action_time": "2026-01-28T02:32:25.727Z",
    "user": 1,
    "content_type": 22,
    "object_id": "12",
    "object_repr": "FlashSale Yamaha V3 Student Violin",
    "action_flag": 1,
    "change_message": "[{\"added\": {}}]"
  }
},
{
  "model": "admin.logentry",
  "pk": 75,
  "fields": {
    "action_time": "2026-01-28T03:26:18.776Z",
    "user": 1,
    "content_type": 8,
    "object_id": "36",
    "object_repr": "Jupiter JFL700 Flute",
    "action_flag": 2,
    "change_message": "[{\"changed\": {\"fields\": [\"Original price\", \"Price\"]}}]"
  }
},
{
  "model": "admin.logentry",
  "pk": 76,
  "fields": {
    "action_time": "2026-01-28T03:26:18.798Z",
    "user": 1,
    "content_type": 8,
    "object_id": "35",
    "object_repr": "Gemeinhardt 2SP Flute",
    "action_flag": 2,
    "change_message": "[{\"changed\": {\"fields\": [\"Original price\", \"Price\"]}}]"
  }
},
{
  "model": "admin.logentry",
  "pk": 77,
  "fields": {
    "action_time": "2026-01-28T03:26:18.803Z",
    "user": 1,
    "content_type": 8,
    "object_id": "34",
    "object_repr": "Yamaha YFL-222 Flute",
    "action_flag": 2,
    "change_message": "[{\"changed\": {\"fields\": [\"Original price\", \"Price\"]}}]"
  }
},
{
  "model": "admin.logentry",
  "pk": 78,
  "fields": {
    "action_time": "2026-01-28T03:26:18.807Z",
    "user": 1,
    "content_type": 8,
    "object_id": "33",
    "object_repr": "Selmer Prelude AS711",
    "action_flag": 2,
    "change_message": "[{\"changed\": {\"fields\": [\"Original price\", \"Price\"]}}]"
  }
},
{
  "model": "admin.logentry",
  "pk": 79,
  "fields": {
    "action_time": "2026-01-28T03:26:18.811Z",
    "user": 1,
    "content_type": 8,
    "object_id": "32",
    "object_repr": "Jean Paul AS-400 Saxophone",
    "action_flag": 2,
    "change_message": "[{\"changed\": {\"fields\": [\"Original price\", \"Price\"]}}]"
  }
},
{
  "model": "admin.logentry",
  "pk": 80,
  "fields": {
    "action_time": "2026-01-28T03:26:18.814Z",
    "user": 1,
    "content_type": 8,
    "object_id": "31",
    "object_repr": "Yamaha YAS-280 Alto Saxophone",
    "action_flag": 2,
    "change_message": "[{\"changed\": {\"fields\": [\"Original price\", \"Price\"]}}]"
  }
},
{
  "model": "admin.logentry",
  "pk": 81,
  "fields": {
    "action_time": "2026-01-28T03:26:18.818Z",
    "user": 1,
    "content_type": 8,
    "object_id": "30",
    "object_repr": "Luna Tattoo Concert Ukulele",
    "action_flag": 2,
    "change_message": "[{\"changed\": {\"fields\": [\"Original price\", \"Price\"]}}]"
  }
},
{
  "model": "admin.logentry",
  "pk": 82,
  "fields": {
    "action_time": "2026-01-28T03:26:18.821Z",
    "user": 1,
    "content_type": 8,
    "object_id": "29",
    "object_repr": "Mahalo MR1 Ukulele",
    "action_flag": 2,
    "change_message": "[{\"changed\": {\"fields\": [\"Original price\", \"Price\"]}}]"
  }
},
{
  "model": "admin.logentry",
  "pk": 83,
  "fields": {
    "action_time": "2026-01-28T03:26:18.822Z",
    "user": 1,
    "content_type": 8,
    "object_id": "28",
    "object_repr": "Kala KA-15S Soprano Ukulele",
    "action_flag": 2,
    "change_message": "[{\"changed\": {\"fields\": [\"Original price\", \"Price\"]}}]"
  }
},
{
  "model": "admin.logentry",
  "pk": 84,
  "fields": {
    "action_time": "2026-01-28T03:26:18.824Z",
    "user": 1,
    "content_type": 8,
    "object_id": "27",
    "object_repr": "Pearl Roadshow Drum Set",
    "action_flag": 2,
    "change_message": "[{\"changed\": {\"fields\": [\"Original price\", \"Price\"]}}]"
  }
},
{
  "model": "admin.logentry",
  "pk": 85,
  "fields": {
    "action_time": "2026-01-28T03:26:18.827Z",
    "user": 1,
    "content_type": 8,
    "object_id": "26",
    "object_repr": "Yamaha DTX402K Electronic Drums",
    "action_flag": 2,
    "change_message": "[{\"changed\": {\"fields\": [\"Original price\", \"Price\"]}}]"
  }
},
{
  "model": "admin.logentry",
  "pk": 86,
  "fields": {
    "action_time": "2026-01-28T03:26:18.829Z",
    "user": 1,
    "content_type": 8,
    "object_id": "25",
    "object_repr": "Roland TD-1DMK Drum Kit",
    "action_flag": 2,
    "change_message": "[{\"changed\": {\"fields\": [\"Original price\", \"Price\"]}}]"
  }
},
{
  "model": "admin.logentry",
  "pk": 87,
  "fields": {
    "action_time": "2026-01-28T03:26:18.832Z",
    "user": 1,
    "content_type": 8,
    "object_id": "24",
    "object_repr": "Cremona SV-130 Violin",
    "action_flag": 2,
    "change_message": "[{\"changed\": {\"fields\": [\"Original price\", \"Price\"]}}]"
  }
},
{
  "model": "admin.logentry",
  "pk": 88,
  "fields": {
    "action_time": "2026-01-28T03:26:18.836Z",
    "user": 1,
    "content_type": 8,
    "object_id": "23",
    "object_repr": "Stentor 1500 Violin",
    "action_flag": 2,
    "change_message": "[{\"changed\": {\"fields\": [\"Original price\", \"Price\"]}}]"
  }
},
{
  "model": "admin.logentry",
  "pk": 89,
  "fields": {
    "action_time": "2026-01-28T03:26:18.838Z",
    "user": 1,
    "content_type": 8,
    "object_id": "22",
    "object_repr": "Yamaha V3 Student Violin",
    "action_flag": 2,
    "change_message": "[{\"changed\": {\"fields\": [\"Original price\", \"Price\"]}}]"
  }
},
{
  "model": "admin.logentry",
  "pk": 90,
  "fields": {
    "action_time": "2026-01-28T03:26:18.840Z",
    "user": 1,
    "content_type": 8,
    "object_id": "21",
    "object_repr": "Roland FP-30X Digital Piano",
    "action_flag": 2,
    "change_message": "[{\"changed\": {\"fields\": [\"Original price\", \"Price\"]}}]"
  }
},
{
  "model": "admin.logentry",
  "pk": 91,
  "fields": {
    "action_time": "2026-01-28T03:26:18.842Z",
    "user": 1,
    "content_type": 8,
    "object_id": "20",
    "object_repr": "Casio CDP-S100 Digital Piano",
    "action_flag": 2,
    "change_message": "[{\"changed\": {\"fields\": [\"Original price\", \"Price\"]}}]"
  }
},
{
  "model": "admin.logentry",
  "pk": 92,
  "fields": {
    "action_time": "2026-01-28T03:26:18.844Z",
    "user": 1,
    "content_type": 8,
    "object_id": "19",
    "object_repr": "Yamaha P-125 Digital Piano",
    "action_flag": 2,
    "change_message": "[{\"changed\": {\"fields\": [\"Original price\", \"Price\"]}}]"
  }
},
{
  "model": "admin.logentry",
  "pk": 93,
  "fields": {
    "action_time": "2026-01-28T03:26:18.848Z",
    "user": 1,
    "content_type": 8,
    "object_id": "18",
    "object_repr": "Yamaha F310 Acoustic Guitar",
    "action_flag": 2,
    "change_message": "[{\"changed\": {\"fields\": [\"Original price\", \"Price\"]}}]"
  }
},
{
  "model": "admin.logentry",
  "pk": 94,
  "fields": {
    "action_time": "2026-01-28T03:26:18.850Z",
    "user": 1,
    "content_type": 8,
    "object_id": "17",
    "object_repr": "Gibson Les Paul Studio",
    "action_flag": 2,
    "change_message": "[{\"changed\": {\"fields\": [\"Original price\", \"Price\"]}}]"
  }
},
{
  "model": "admin.logentry",
  "pk": 95,
  "fields": {
    "action_time": "2026-01-28T03:26:45.863Z",
    "user": 1,
    "content_type": 8,
    "object_id": "16",
    "object_repr": "Fender Stratocaster Standard",
    "action_flag": 2,
    "change_message": "[{\"changed\": {\"fields\": [\"Original price\", \"Price\"]}}]"
  }
},
{
  "model": "admin.logentry",
  "pk": 96,
  "fields": {
    "action_time": "2026-01-28T04:28:46.426Z",
    "user": 1,
    "content_type": 22,
    "object_id": "13",
    "object_repr": "FlashSale Stentor 1500 Violin",
    "action_flag": 1,
    "change_message": "[{\"added\": {}}]"
  }
},
{
  "model": "admin.logentry",
  "pk": 97,
  "fields": {
    "action_time": "2026-01-28T04:29:14.792Z",
    "user": 1,
    "content_type": 22,
    "object_id": "14",
    "object_repr": "FlashSale Cremona SV-130 Violin",
    "action_flag": 1,
    "change_message": "[{\"added\": {}}]"
  }
},
{
  "model": "admin.logentry",
  "pk": 98,
  "fields": {
    "action_time": "2026-01-28T04:29:36.825Z",
    "user": 1,
    "content_type": 22,
    "object_id": "15",
    "object_repr": "FlashSale Roland TD-1DMK Drum Kit",
    "action_flag": 1,
    "change_message": "[{\"added\": {}}]"
  }
},
{
  "model": "admin.logentry",
  "pk": 99,
  "fields": {
    "action_time": "2026-01-28T04:29:51.606Z",
    "user": 1,
    "content_type": 22,
    "object_id": "16",
    "object_repr": "FlashSale Pearl Roadshow Drum Set",
    "action_flag": 1,
    "change_message": "[{\"added\": {}}]"
  }
},
{
  "model": "admin.logentry",
  "pk": 100,
  "fields": {
    "action_time": "2026-01-28T08:10:31.486Z",
    "user": 1,
    "content_type": 8,
    "object_id": "19",
    "object_repr": "Yamaha P-125 Digital Piano",
    "action_flag": 2,
    "change_message": "[{\"changed\": {\"fields\": [\"Price\"]}}]"
  }
},
{
  "model": "admin.logentry",
  "pk": 101,
  "fields": {
    "action_time": "2026-01-28T08:10:42.406Z",
    "user": 1,
    "content_type": 8,
    "object_id": "18",
    "object_repr": "Yamaha F310 Acoustic Guitar",
    "action_flag": 2,
    "change_message": "[{\"changed\": {\"fields\": [\"Price\"]}}]"
  }
},
{
  "model": "auth.permission",
  "pk": 1,
  "fields": {
    "name": "Can add log entry",
    "content_type": 1,
    "codename": "add_logentry"
  }
},
{
  "model": "auth.permission",
  "pk": 2,
  "fields": {
    "name": "Can change log entry",
    "content_type": 1,
    "codename": "change_logentry"
  }
},
{
  "model": "auth.permission",
  "pk": 3,
  "fields": {
    "name": "Can delete log entry",
    "content_type": 1,
    "codename": "delete_logentry"
  }
},
{
  "model": "auth.permission",
  "pk": 4,
  "fields": {
    "name": "Can view log entry",
    "content_type": 1,
    "codename": "view_logentry"
  }
},
{
  "model": "auth.permission",
  "pk": 5,
  "fields": {
    "name": "Can add permission",
    "content_type": 2,
    "codename": "add_permission"
  }
},
{
  "model": "auth.permission",
  "pk": 6,
  "fields": {
    "name": "Can change permission",
    "content_type": 2,
    "codename": "change_permission"
  }
},
{
  "model": "auth.permission",
  "pk": 7,
  "fields": {
    "name": "Can delete permission",
    "content_type": 2,
    "codename": "delete_permission"
  }
},
{
  "model": "auth.permission",
  "pk": 8,
  "fields": {
    "name": "Can view permission",
    "content_type": 2,
    "codename": "view_permission"
  }
},
{
  "model": "auth.permission",
  "pk": 9,
  "fields": {
    "name": "Can add group",
    "content_type": 3,
    "codename": "add_group"
  }
},
{
  "model": "auth.permission",
  "pk": 10,
  "fields": {
    "name": "Can change group",
    "content_type": 3,
    "codename": "change_group"
  }
},
{
  "model": "auth.permission",
  "pk": 11,
  "fields": {
    "name": "Can delete group",
    "content_type": 3,
    "codename": "delete_group"
  }
},
{
  "model": "auth.permission",
  "pk": 12,
  "fields": {
    "name": "Can view group",
    "content_type": 3,
    "codename": "view_group"
  }
},
{
  "model": "auth.permission",
  "pk": 13,
  "fields": {
    "name": "Can add user",
    "content_type": 4,
    "codename": "add_user"
  }
},
{
  "model": "auth.permission",
  "pk": 14,
  "fields": {
    "name": "Can change user",
    "content_type": 4,
    "codename": "change_user"
  }
},
{
  "model": "auth.permission",
  "pk": 15,
  "fields": {
    "name": "Can delete user",
    "content_type": 4,
    "codename": "delete_user"
  }
},
{
  "model": "auth.permission",
  "pk": 16,
  "fields": {
    "name": "Can view user",
    "content_type": 4,
    "codename": "view_user"
  }
},
{
  "model": "auth.permission",
  "pk": 17,
  "fields": {
    "name": "Can add content type",
    "content_type": 5,
    "codename": "add_contenttype"
  }
},
{
  "model": "auth.permission",
  "pk": 18,
  "fields": {
    "name": "Can change content type",
    "content_type": 5,
    "codename": "change_contenttype"
  }
},
{
  "model": "auth.permission",
  "pk": 19,
  "fields": {
    "name": "Can delete content type",
    "content_type": 5,
    "codename": "delete_contenttype"
  }
},
{
  "model": "auth.permission",
  "pk": 20,
  "fields": {
    "name": "Can view content type",
    "content_type": 5,
    "codename": "view_contenttype"
  }
},
{
  "model": "auth.permission",
  "pk": 21,
  "fields": {
    "name": "Can add session",
    "content_type": 6,
    "codename": "add_session"
  }
},
{
  "model": "auth.permission",
  "pk": 22,
  "fields": {
    "name": "Can change session",
    "content_type": 6,
    "codename": "change_session"
  }
},
{
  "model": "auth.permission",
  "pk": 23,
  "fields": {
    "name": "Can delete session",
    "content_type": 6,
    "codename": "delete_session"
  }
},
{
  "model": "auth.permission",
  "pk": 24,
  "fields": {
    "name": "Can view session",
    "content_type": 6,
    "codename": "view_session"
  }
},
{
  "model": "auth.permission",
  "pk": 25,
  "fields": {
    "name": "Can add category",
    "content_type": 7,
    "codename": "add_category"
  }
},
{
  "model": "auth.permission",
  "pk": 26,
  "fields": {
    "name": "Can change category",
    "content_type": 7,
    "codename": "change_category"
  }
},
{
  "model": "auth.permission",
  "pk": 27,
  "fields": {
    "name": "Can delete category",
    "content_type": 7,
    "codename": "delete_category"
  }
},
{
  "model": "auth.permission",
  "pk": 28,
  "fields": {
    "name": "Can view category",
    "content_type": 7,
    "codename": "view_category"
  }
},
{
  "model": "auth.permission",
  "pk": 29,
  "fields": {
    "name": "Can add product",
    "content_type": 8,
    "codename": "add_product"
  }
},
{
  "model": "auth.permission",
  "pk": 30,
  "fields": {
    "name": "Can change product",
    "content_type": 8,
    "codename": "change_product"
  }
},
{
  "model": "auth.permission",
  "pk": 31,
  "fields": {
    "name": "Can delete product",
    "content_type": 8,
    "codename": "delete_product"
  }
},
{
  "model": "auth.permission",
  "pk": 32,
  "fields": {
    "name": "Can view product",
    "content_type": 8,
    "codename": "view_product"
  }
},
{
  "model": "auth.permission",
  "pk": 33,
  "fields": {
    "name": "Can add review",
    "content_type": 9,
    "codename": "add_review"
  }
},
{
  "model": "auth.permission",
  "pk": 34,
  "fields": {
    "name": "Can change review",
    "content_type": 9,
    "codename": "change_review"
  }
},
{
  "model": "auth.permission",
  "pk": 35,
  "fields": {
    "name": "Can delete review",
    "content_type": 9,
    "codename": "delete_review"
  }
},
{
  "model": "auth.permission",
  "pk": 36,
  "fields": {
    "name": "Can view review",
    "content_type": 9,
    "codename": "view_review"
  }
},
{
  "model": "auth.permission",
  "pk": 37,
  "fields": {
    "name": "Can add brand",
    "content_type": 10,
    "codename": "add_brand"
  }
},
{
  "model": "auth.permission",
  "pk": 38,
  "fields": {
    "name": "Can change brand",
    "content_type": 10,
    "codename": "change_brand"
  }
},
{
  "model": "auth.permission",
  "pk": 39,
  "fields": {
    "name": "Can delete brand",
    "content_type": 10,
    "codename": "delete_brand"
  }
},
{
  "model": "auth.permission",
  "pk": 40,
  "fields": {
    "name": "Can view brand",
    "content_type": 10,
    "codename": "view_brand"
  }
},
{
  "model": "auth.permission",
  "pk": 41,
  "fields": {
    "name": "Can add order",
    "content_type": 11,
    "codename": "add_order"
  }
},
{
  "model": "auth.permission",
  "pk": 42,
  "fields": {
    "name": "Can change order",
    "content_type": 11,
    "codename": "change_order"
  }
},
{
  "model": "auth.permission",
  "pk": 43,
  "fields": {
    "name": "Can delete order",
    "content_type": 11,
    "codename": "delete_order"
  }
},
{
  "model": "auth.permission",
  "pk": 44,
  "fields": {
    "name": "Can view order",
    "content_type": 11,
    "codename": "view_order"
  }
},
{
  "model": "auth.permission",
  "pk": 45,
  "fields": {
    "name": "Can add cart item",
    "content_type": 12,
    "codename": "add_cartitem"
  }
},
{
  "model": "auth.permission",
  "pk": 46,
  "fields": {
    "name": "Can change cart item",
    "content_type": 12,
    "codename": "change_cartitem"
  }
},
{
  "model": "auth.permission",
  "pk": 47,
  "fields": {
    "name": "Can delete cart item",
    "content_type": 12,
    "codename": "delete_cartitem"
  }
},
{
  "model": "auth.permission",
  "pk": 48,
  "fields": {
    "name": "Can view cart item",
    "content_type": 12,
    "codename": "view_cartitem"
  }
},
{
  "model": "auth.permission",
  "pk": 49,
  "fields": {
    "name": "Can add cart",
    "content_type": 13,
    "codename": "add_cart"
  }
},
{
  "model": "auth.permission",
  "pk": 50,
  "fields": {
    "name": "Can change cart",
    "content_type": 13,
    "codename": "change_cart"
  }
},
{
  "model": "auth.permission",
  "pk": 51,
  "fields": {
    "name": "Can delete cart",
    "content_type": 13,
    "codename": "delete_cart"
  }
},
{
  "model": "auth.permission",
  "pk": 52,
  "fields": {
    "name": "Can view cart",
    "content_type": 13,
    "codename": "view_cart"
  }
},
{
  "model": "auth.permission",
  "pk": 53,
  "fields": {
    "name": "Can add order item",
    "content_type": 14,
    "codename": "add_orderitem"
  }
},
{
  "model": "auth.permission",
  "pk": 54,
  "fields": {
    "name": "Can change order item",
    "content_type": 14,
    "codename": "change_orderitem"
  }
},
{
  "model": "auth.permission",
  "pk": 55,
  "fields": {
    "name": "Can delete order item",
    "content_type": 14,
    "codename": "delete_orderitem"
  }
},
{
  "model": "auth.permission",
  "pk": 56,
  "fields": {
    "name": "Can view order item",
    "content_type": 14,
    "codename": "view_orderitem"
  }
},
{
  "model": "auth.permission",
  "pk": 57,
  "fields": {
    "name": "Can add user profile",
    "content_type": 15,
    "codename": "add_userprofile"
  }
},
{
  "model": "auth.permission",
  "pk": 58,
  "fields": {
    "name": "Can change user profile",
    "content_type": 15,
    "codename": "change_userprofile"
  }
},
{
  "model": "auth.permission",
  "pk": 59,
  "fields": {
    "name": "Can delete user profile",
    "content_type": 15,
    "codename": "delete_userprofile"
  }
},
{
  "model": "auth.permission",
  "pk": 60,
  "fields": {
    "name": "Can view user profile",
    "content_type": 15,
    "codename": "view_userprofile"
  }
},
{
  "model": "auth.permission",
  "pk": 61,
  "fields": {
    "name": "Can add order",
    "content_type": 16,
    "codename": "add_order"
  }
},
{
  "model": "auth.permission",
  "pk": 62,
  "fields": {
    "name": "Can change order",
    "content_type": 16,
    "codename": "change_order"
  }
},
{
  "model": "auth.permission",
  "pk": 63,
  "fields": {
    "name": "Can delete order",
    "content_type": 16,
    "codename": "delete_order"
  }
},
{
  "model": "auth.permission",
  "pk": 64,
  "fields": {
    "name": "Can view order",
    "content_type": 16,
    "codename": "view_order"
  }
},
{
  "model": "auth.permission",
  "pk": 65,
  "fields": {
    "name": "Can add order item",
    "content_type": 17,
    "codename": "add_orderitem"
  }
},
{
  "model": "auth.permission",
  "pk": 66,
  "fields": {
    "name": "Can change order item",
    "content_type": 17,
    "codename": "change_orderitem"
  }
},
{
  "model": "auth.permission",
  "pk": 67,
  "fields": {
    "name": "Can delete order item",
    "content_type": 17,
    "codename": "delete_orderitem"
  }
},
{
  "model": "auth.permission",
  "pk": 68,
  "fields": {
    "name": "Can view order item",
    "content_type": 17,
    "codename": "view_orderitem"
  }
},
{
  "model": "auth.permission",
  "pk": 69,
  "fields": {
    "name": "Can add inventory log",
    "content_type": 18,
    "codename": "add_inventorylog"
  }
},
{
  "model": "auth.permission",
  "pk": 70,
  "fields": {
    "name": "Can change inventory log",
    "content_type": 18,
    "codename": "change_inventorylog"
  }
},
{
  "model": "auth.permission",
  "pk": 71,
  "fields": {
    "name": "Can delete inventory log",
    "content_type": 18,
    "codename": "delete_inventorylog"
  }
},
{
  "model": "auth.permission",
  "pk": 72,
  "fields": {
    "name": "Can view inventory log",
    "content_type": 18,
    "codename": "view_inventorylog"
  }
},
{
  "model": "auth.permission",
  "pk": 73,
  "fields": {
    "name": "Can add product image",
    "content_type": 19,
    "codename": "add_productimage"
  }
},
{
  "model": "auth.permission",
  "pk": 74,
  "fields": {
    "name": "Can change product image",
    "content_type": 19,
    "codename": "change_productimage"
  }
},
{
  "model": "auth.permission",
  "pk": 75,
  "fields": {
    "name": "Can delete product image",
    "content_type": 19,
    "codename": "delete_productimage"
  }
},
{
  "model": "auth.permission",
  "pk": 76,
  "fields": {
    "name": "Can view product image",
    "content_type": 19,
    "codename": "view_productimage"
  }
},
{
  "model": "auth.permission",
  "pk": 77,
  "fields": {
    "name": "Can add review image",
    "content_type": 20,
    "codename": "add_reviewimage"
  }
},
{
  "model": "auth.permission",
  "pk": 78,
  "fields": {
    "name": "Can change review image",
    "content_type": 20,
    "codename": "change_reviewimage"
  }
},
{
  "model": "auth.permission",
  "pk": 79,
  "fields": {
    "name": "Can delete review image",
    "content_type": 20,
    "codename": "delete_reviewimage"
  }
},
{
  "model": "auth.permission",
  "pk": 80,
  "fields": {
    "name": "Can view review image",
    "content_type": 20,
    "codename": "view_reviewimage"
  }
},
{
  "model": "auth.permission",
  "pk": 81,
  "fields": {
    "name": "Can add Hồ sơ người dùng",
    "content_type": 21,
    "codename": "add_profile"
  }
},
{
  "model": "auth.permission",
  "pk": 82,
  "fields": {
    "name": "Can change Hồ sơ người dùng",
    "content_type": 21,
    "codename": "change_profile"
  }
},
{
  "model": "auth.permission",
  "pk": 83,
  "fields": {
    "name": "Can delete Hồ sơ người dùng",
    "content_type": 21,
    "codename": "delete_profile"
  }
},
{
  "model": "auth.permission",
  "pk": 84,
  "fields": {
    "name": "Can view Hồ sơ người dùng",
    "content_type": 21,
    "codename": "view_profile"
  }
},
{
  "model": "auth.permission",
  "pk": 85,
  "fields": {
    "name": "Can add flash sale",
    "content_type": 22,
    "codename": "add_flashsale"
  }
},
{
  "model": "auth.permission",
  "pk": 86,
  "fields": {
    "name": "Can change flash sale",
    "content_type": 22,
    "codename": "change_flashsale"
  }
},
{
  "model": "auth.permission",
  "pk": 87,
  "fields": {
    "name": "Can delete flash sale",
    "content_type": 22,
    "codename": "delete_flashsale"
  }
},
{
  "model": "auth.permission",
  "pk": 88,
  "fields": {
    "name": "Can view flash sale",
    "content_type": 22,
    "codename": "view_flashsale"
  }
},
{
  "model": "auth.user",
  "pk": 1,
  "fields": {
    "password": "pbkdf2_sha256$1000000$8fz2rBeanETOP6Wc7r2lp7$vo6n+aqfQHDN944uUmBF+3Sk51M0jmKkH5EcgD4wDtk=",
    "last_login": "2026-01-28T04:25:52.970Z",
    "is_superuser": true,
    "username": "Quynh",
    "first_name": "",
    "last_name": "",
    "email": "shodakima@gmail.com",
    "is_staff": true,
    "is_active": true,
    "date_joined": "2025-12-12T09:37:02.621Z",
    "groups": [],
    "user_permissions": []
  }
},
{
  "model": "contenttypes.contenttype",
  "pk": 1,
  "fields": {
    "app_label": "admin",
    "model": "logentry"
  }
},
{
  "model": "contenttypes.contenttype",
  "pk": 2,
  "fields": {
    "app_label": "auth",
    "model": "permission"
  }
},
{
  "model": "contenttypes.contenttype",
  "pk": 3,
  "fields": {
    "app_label": "auth",
    "model": "group"
  }
},
{
  "model": "contenttypes.contenttype",
  "pk": 4,
  "fields": {
    "app_label": "auth",
    "model": "user"
  }
},
{
  "model": "contenttypes.contenttype",
  "pk": 5,
  "fields": {
    "app_label": "contenttypes",
    "model": "contenttype"
  }
},
{
  "model": "contenttypes.contenttype",
  "pk": 6,
  "fields": {
    "app_label": "sessions",
    "model": "session"
  }
},
{
  "model": "contenttypes.contenttype",
  "pk": 7,
  "fields": {
    "app_label": "products",
    "model": "category"
  }
},
{
  "model": "contenttypes.contenttype",
  "pk": 8,
  "fields": {
    "app_label": "products",
    "model": "product"
  }
},
{
  "model": "contenttypes.contenttype",
  "pk": 9,
  "fields": {
    "app_label": "products",
    "model": "review"
  }
},
{
  "model": "contenttypes.contenttype",
  "pk": 10,
  "fields": {
    "app_label": "products",
    "model": "brand"
  }
},
{
  "model": "contenttypes.contenttype",
  "pk": 11,
  "fields": {
    "app_label": "users",
    "model": "order"
  }
},
{
  "model": "contenttypes.contenttype",
  "pk": 12,
  "fields": {
    "app_label": "users",
    "model": "cartitem"
  }
},
{
  "model": "contenttypes.contenttype",
  "pk": 13,
  "fields": {
    "app_label": "users",
    "model": "cart"
  }
},
{
  "model": "contenttypes.contenttype",
  "pk": 14,
  "fields": {
    "app_label": "users",
    "model": "orderitem"
  }
},
{
  "model": "contenttypes.contenttype",
  "pk": 15,
  "fields": {
    "app_label": "users",
    "model": "userprofile"
  }
},
{
  "model": "contenttypes.contenttype",
  "pk": 16,
  "fields": {
    "app_label": "orders",
    "model": "order"
  }
},
{
  "model": "contenttypes.contenttype",
  "pk": 17,
  "fields": {
    "app_label": "orders",
    "model": "orderitem"
  }
},
{
  "model": "contenttypes.contenttype",
  "pk": 18,
  "fields": {
    "app_label": "adminpanel",
    "model": "inventorylog"
  }
},
{
  "model": "contenttypes.contenttype",
  "pk": 19,
  "fields": {
    "app_label": "products",
    "model": "productimage"
  }
},
{
  "model": "contenttypes.contenttype",
  "pk": 20,
  "fields": {
    "app_label": "products",
    "model": "reviewimage"
  }
},
{
  "model": "contenttypes.contenttype",
  "pk": 21,
  "fields": {
    "app_label": "users",
    "model": "profile"
  }
},
{
  "model": "contenttypes.contenttype",
  "pk": 22,
  "fields": {
    "app_label": "products",
    "model": "flashsale"
  }
},
{
  "model": "sessions.session",
  "pk": "64oibhny0zsm3ply9jg9d3bqytozp86i",
  "fields": {
    "session_data": ".eJxVjMsOwiAQRf-FtSE8Cgwu3fcbmpkBpWogKe3K-O_apAvd3nPOfYkJt7VMW8_LNCdxFlqcfjdCfuS6g3THemuSW12XmeSuyIN2ObaUn5fD_Tso2Mu3zpwCmkysojVXax2z86Q5gPJA7IYY0CEwBMUAUUdFJvnBsTI2gtHi_QHuEDdI:1vkx7p:OpMJLa-hnZodRRRZyr9z9egNsFBifp4ZH0jZPAC5AuE",
    "expire_date": "2026-02-11T04:25:53.002Z"
  }
},
{
  "model": "sessions.session",
  "pk": "c06gz9jybox195my223wd3clk74lmk1s",
  "fields": {
    "session_data": ".eJxVjMsOwiAQRf-FtSE8Cgwu3fcbmpkBpWogKe3K-O_apAvd3nPOfYkJt7VMW8_LNCdxFlqcfjdCfuS6g3THemuSW12XmeSuyIN2ObaUn5fD_Tso2Mu3zpwCmkysojVXax2z86Q5gPJA7IYY0CEwBMUAUUdFJvnBsTI2gtHi_QHuEDdI:1vcLo5:9b7UoSE2EsqKet0c0yuJC-JPOZYLOzkDYEQH-RBhzmg",
    "expire_date": "2026-01-18T10:57:57.455Z"
  }
},
{
  "model": "sessions.session",
  "pk": "onyn7nssyl7ujq02y17nrmuewjao6vtc",
  "fields": {
    "session_data": ".eJxVjMsOwiAQRf-FtSE8Cgwu3fcbmpkBpWogKe3K-O_apAvd3nPOfYkJt7VMW8_LNCdxFlqcfjdCfuS6g3THemuSW12XmeSuyIN2ObaUn5fD_Tso2Mu3zpwCmkysojVXax2z86Q5gPJA7IYY0CEwBMUAUUdFJvnBsTI2gtHi_QHuEDdI:1vXCRL:EfLBOrz3scosOjEmJzaH49HQh2E-sWsOMUvoPQzKwYc",
    "expire_date": "2026-01-04T05:57:11.478Z"
  }
},
{
  "model": "sessions.session",
  "pk": "wv1so8s184kcpjcehssoc7qgq3ov4m0b",
  "fields": {
    "session_data": ".eJxVjMsOwiAQRf-FtSE8Cgwu3fcbmpkBpWogKe3K-O_apAvd3nPOfYkJt7VMW8_LNCdxFlqcfjdCfuS6g3THemuSW12XmeSuyIN2ObaUn5fD_Tso2Mu3zpwCmkysojVXax2z86Q5gPJA7IYY0CEwBMUAUUdFJvnBsTI2gtHi_QHuEDdI:1visct:NsGMbKZ5wQgGQx_xGxhQqrlwCjwP9wQdrqRk5VM9TRI",
    "expire_date": "2026-02-05T11:13:23.268Z"
  }
},
{
  "model": "sessions.session",
  "pk": "zpp70za4sy6de0uondqtxgnc3ar6bznd",
  "fields": {
    "session_data": ".eJxVjMsOwiAQRf-FtSE8Cgwu3fcbmpkBpWogKe3K-O_apAvd3nPOfYkJt7VMW8_LNCdxFlqcfjdCfuS6g3THemuSW12XmeSuyIN2ObaUn5fD_Tso2Mu3zpwCmkysojVXax2z86Q5gPJA7IYY0CEwBMUAUUdFJvnBsTI2gtHi_QHuEDdI:1vW97G:mgpDiP4upXKZC3wqUJ3d29aJ4ija_KI1vO_hJ7kg3Pc",
    "expire_date": "2026-01-01T08:12:06.746Z"
  }
},
{
  "model": "products.category",
  "pk": 23,
  "fields": {
    "name": "Guitar"
  }
},
{
  "model": "products.category",
  "pk": 24,
  "fields": {
    "name": "Piano"
  }
},
{
  "model": "products.category",
  "pk": 25,
  "fields": {
    "name": "Violin"
  }
},
{
  "model": "products.category",
  "pk": 26,
  "fields": {
    "name": "Drums"
  }
},
{
  "model": "products.category",
  "pk": 27,
  "fields": {
    "name": "Ukulele"
  }
},
{
  "model": "products.category",
  "pk": 28,
  "fields": {
    "name": "Saxophone"
  }
},
{
  "model": "products.category",
  "pk": 29,
  "fields": {
    "name": "Flute"
  }
},
{
  "model": "products.brand",
  "pk": 19,
  "fields": {
    "name": "Yamaha"
  }
},
{
  "model": "products.brand",
  "pk": 20,
  "fields": {
    "name": "Fender"
  }
},
{
  "model": "products.brand",
  "pk": 21,
  "fields": {
    "name": "Gibson"
  }
},
{
  "model": "products.brand",
  "pk": 22,
  "fields": {
    "name": "Roland"
  }
},
{
  "model": "products.brand",
  "pk": 23,
  "fields": {
    "name": "Casio"
  }
},
{
  "model": "products.brand",
  "pk": 24,
  "fields": {
    "name": "Shure"
  }
},
{
  "model": "products.brand",
  "pk": 25,
  "fields": {
    "name": "AKG"
  }
},
{
  "model": "products.brand",
  "pk": 26,
  "fields": {
    "name": "Audio-Technica"
  }
},
{
  "model": "products.brand",
  "pk": 27,
  "fields": {
    "name": "Kawai"
  }
},
{
  "model": "products.brand",
  "pk": 28,
  "fields": {
    "name": "Marshall"
  }
},
{
  "model": "products.product",
  "pk": 16,
  "fields": {
    "name": "Fender Stratocaster Standard",
    "category": 23,
    "brand": 20,
    "description": "Fender Stratocaster Standard is a premium guitar designed for musicians who want high-quality sound, excellent durability, and a professional playing experience. Ideal for both beginners and advanced players looking to upgrade their equipment.",
    "original_price": "690000.00",
    "price": "690000.00",
    "stock": 12,
    "image": "products/images/guitar-366301_1280.jpg",
    "created_at": "2025-12-12T10:04:24.416Z"
  }
},
{
  "model": "products.product",
  "pk": 17,
  "fields": {
    "name": "Gibson Les Paul Studio",
    "category": 23,
    "brand": 21,
    "description": "Gibson Les Paul Studio is a premium guitar designed for musicians who want high-quality sound, excellent durability, and a professional playing experience. Ideal for both beginners and advanced players looking to upgrade their equipment.",
    "original_price": "1290000.00",
    "price": "1290000.00",
    "stock": 5,
    "image": "products/images/guitar-756326_1280.jpg",
    "created_at": "2025-12-12T10:04:24.425Z"
  }
},
{
  "model": "products.product",
  "pk": 18,
  "fields": {
    "name": "Yamaha F310 Acoustic Guitar",
    "category": 23,
    "brand": 19,
    "description": "Yamaha F310 Acoustic Guitar is a premium guitar designed for musicians who want high-quality sound, excellent durability, and a professional playing experience. Ideal for both beginners and advanced players looking to upgrade their equipment.",
    "original_price": "35000.00",
    "price": "30000.00",
    "stock": 20,
    "image": "products/images/guitar-2119_1280.jpg",
    "created_at": "2025-12-12T10:04:24.439Z"
  }
},
{
  "model": "products.product",
  "pk": 19,
  "fields": {
    "name": "Yamaha P-125 Digital Piano",
    "category": 24,
    "brand": 19,
    "description": "Yamaha P-125 Digital Piano is a premium piano designed for musicians who want high-quality sound, excellent durability, and a professional playing experience. Ideal for both beginners and advanced players looking to upgrade their equipment.",
    "original_price": "540000.00",
    "price": "520000.00",
    "stock": 10,
    "image": "products/images/piano-5607683_1280.jpg",
    "created_at": "2025-12-12T10:04:24.450Z"
  }
},
{
  "model": "products.product",
  "pk": 20,
  "fields": {
    "name": "Casio CDP-S100 Digital Piano",
    "category": 24,
    "brand": 23,
    "description": "Casio CDP-S100 Digital Piano is a premium piano designed for musicians who want high-quality sound, excellent durability, and a professional playing experience. Ideal for both beginners and advanced players looking to upgrade their equipment.",
    "original_price": "2980000.00",
    "price": "2980000.00",
    "stock": 15,
    "image": "products/images/piano-2991621_1280.jpg",
    "created_at": "2025-12-12T10:04:24.461Z"
  }
},
{
  "model": "products.product",
  "pk": 21,
  "fields": {
    "name": "Roland FP-30X Digital Piano",
    "category": 24,
    "brand": 22,
    "description": "Roland FP-30X Digital Piano is a premium piano designed for musicians who want high-quality sound, excellent durability, and a professional playing experience. Ideal for both beginners and advanced players looking to upgrade their equipment.",
    "original_price": "120000.00",
    "price": "120000.00",
    "stock": 8,
    "image": "products/images/piano-2171142_1280.jpg",
    "created_at": "2025-12-12T10:04:24.470Z"
  }
},
{
  "model": "products.product",
  "pk": 22,
  "fields": {
    "name": "Yamaha V3 Student Violin",
    "category": 25,
    "brand": 19,
    "description": "Yamaha V3 Student Violin is a premium violin designed for musicians who want high-quality sound, excellent durability, and a professional playing experience. Ideal for both beginners and advanced players looking to upgrade their equipment.",
    "original_price": "6500000.00",
    "price": "6500000.00",
    "stock": 7,
    "image": "products/images/violin-1061239_1280.jpg",
    "created_at": "2025-12-12T10:04:24.478Z"
  }
},
{
  "model": "products.product",
  "pk": 23,
  "fields": {
    "name": "Stentor 1500 Violin",
    "category": 25,
    "brand": 19,
    "description": "Stentor 1500 Violin is a premium violin designed for musicians who want high-quality sound, excellent durability, and a professional playing experience. Ideal for both beginners and advanced players looking to upgrade their equipment.",
    "original_price": "860000.00",
    "price": "860000.00",
    "stock": 10,
    "image": "products/images/violin-924349_1280.jpg",
    "created_at": "2025-12-12T10:04:24.487Z"
  }
},
{
  "model": "products.product",
  "pk": 24,
  "fields": {
    "name": "Cremona SV-130 Violin",
    "category": 25,
    "brand": 19,
    "description": "Cremona SV-130 Violin is a premium violin designed for musicians who want high-quality sound, excellent durability, and a professional playing experience. Ideal for both beginners and advanced players looking to upgrade their equipment.",
    "original_price": "210000.00",
    "price": "210000.00",
    "stock": 6,
    "image": "products/images/violin-7775184_1280.jpg",
    "created_at": "2025-12-12T10:04:24.494Z"
  }
},
{
  "model": "products.product",
  "pk": 25,
  "fields": {
    "name": "Roland TD-1DMK Drum Kit",
    "category": 26,
    "brand": 22,
    "description": "Roland TD-1DMK Drum Kit is a premium drums designed for musicians who want high-quality sound, excellent durability, and a professional playing experience. Ideal for both beginners and advanced players looking to upgrade their equipment.",
    "original_price": "4300000.00",
    "price": "4300000.00",
    "stock": 4,
    "image": "products/images/drum-set-1839383_1280.jpg",
    "created_at": "2025-12-12T10:04:24.502Z"
  }
},
{
  "model": "products.product",
  "pk": 26,
  "fields": {
    "name": "Yamaha DTX402K Electronic Drums",
    "category": 26,
    "brand": 19,
    "description": "Yamaha DTX402K Electronic Drums is a premium drums designed for musicians who want high-quality sound, excellent durability, and a professional playing experience. Ideal for both beginners and advanced players looking to upgrade their equipment.",
    "original_price": "79000.00",
    "price": "79000.00",
    "stock": 6,
    "image": "products/images/Electronic_Drums.jpg",
    "created_at": "2025-12-12T10:04:24.509Z"
  }
},
{
  "model": "products.product",
  "pk": 27,
  "fields": {
    "name": "Pearl Roadshow Drum Set",
    "category": 26,
    "brand": 19,
    "description": "Pearl Roadshow Drum Set is a premium drums designed for musicians who want high-quality sound, excellent durability, and a professional playing experience. Ideal for both beginners and advanced players looking to upgrade their equipment.",
    "original_price": "1050000.00",
    "price": "1050000.00",
    "stock": 3,
    "image": "products/images/drums-2778190_1280.jpg",
    "created_at": "2025-12-12T10:04:24.516Z"
  }
},
{
  "model": "products.product",
  "pk": 28,
  "fields": {
    "name": "Kala KA-15S Soprano Ukulele",
    "category": 27,
    "brand": 19,
    "description": "Kala KA-15S Soprano Ukulele is a premium ukulele designed for musicians who want high-quality sound, excellent durability, and a professional playing experience. Ideal for both beginners and advanced players looking to upgrade their equipment.",
    "original_price": "320000.00",
    "price": "320000.00",
    "stock": 25,
    "image": "products/images/ukulele-6790888_1280.jpg",
    "created_at": "2025-12-12T10:04:24.524Z"
  }
},
{
  "model": "products.product",
  "pk": 29,
  "fields": {
    "name": "Mahalo MR1 Ukulele",
    "category": 27,
    "brand": 19,
    "description": "Mahalo MR1 Ukulele is a premium ukulele designed for musicians who want high-quality sound, excellent durability, and a professional playing experience. Ideal for both beginners and advanced players looking to upgrade their equipment.",
    "original_price": "5900000.00",
    "price": "5880000.00",
    "stock": 30,
    "image": "products/images/ukulele.jpg",
    "created_at": "2025-12-12T10:04:24.531Z"
  }
},
{
  "model": "products.product",
  "pk": 30,
  "fields": {
    "name": "Luna Tattoo Concert Ukulele",
    "category": 27,
    "brand": 20,
    "description": "Luna Tattoo Concert Ukulele is a premium ukulele designed for musicians who want high-quality sound, excellent durability, and a professional playing experience. Ideal for both beginners and advanced players looking to upgrade their equipment.",
    "original_price": "150000.00",
    "price": "150000.00",
    "stock": 12,
    "image": "products/images/ukulele-1376516_1280.jpg",
    "created_at": "2025-12-12T10:04:24.539Z"
  }
},
{
  "model": "products.product",
  "pk": 31,
  "fields": {
    "name": "Yamaha YAS-280 Alto Saxophone",
    "category": 28,
    "brand": 19,
    "description": "Yamaha YAS-280 Alto Saxophone is a premium saxophone designed for musicians who want high-quality sound, excellent durability, and a professional playing experience. Ideal for both beginners and advanced players looking to upgrade their equipment.",
    "original_price": "670000.00",
    "price": "660000.00",
    "stock": 3,
    "image": "products/images/saxophone-1412218_1920.jpg",
    "created_at": "2025-12-12T10:04:24.545Z"
  }
},
{
  "model": "products.product",
  "pk": 32,
  "fields": {
    "name": "Jean Paul AS-400 Saxophone",
    "category": 28,
    "brand": 22,
    "description": "Jean Paul AS-400 Saxophone is a premium saxophone designed for musicians who want high-quality sound, excellent durability, and a professional playing experience. Ideal for both beginners and advanced players looking to upgrade their equipment.",
    "original_price": "2400000.00",
    "price": "2400000.00",
    "stock": 5,
    "image": "products/images/saxophone-3435687_1920.jpg",
    "created_at": "2025-12-12T10:04:24.552Z"
  }
},
{
  "model": "products.product",
  "pk": 33,
  "fields": {
    "name": "Selmer Prelude AS711",
    "category": 28,
    "brand": 19,
    "description": "Selmer Prelude AS711 is a premium saxophone designed for musicians who want high-quality sound, excellent durability, and a professional playing experience. Ideal for both beginners and advanced players looking to upgrade their equipment.",
    "original_price": "98000.00",
    "price": "98000.00",
    "stock": 4,
    "image": "products/images/saxophone-6591475_1920.jpg",
    "created_at": "2025-12-12T10:04:24.559Z"
  }
},
{
  "model": "products.product",
  "pk": 34,
  "fields": {
    "name": "Yamaha YFL-222 Flute",
    "category": 29,
    "brand": 19,
    "description": "Yamaha YFL-222 Flute is a premium flute designed for musicians who want high-quality sound, excellent durability, and a professional playing experience. Ideal for both beginners and advanced players looking to upgrade their equipment.",
    "original_price": "1750000.00",
    "price": "1750000.00",
    "stock": 8,
    "image": "products/images/Yamaha_Flute.jpg",
    "created_at": "2025-12-12T10:04:24.566Z"
  }
},
{
  "model": "products.product",
  "pk": 35,
  "fields": {
    "name": "Gemeinhardt 2SP Flute",
    "category": 29,
    "brand": 22,
    "description": "Gemeinhardt 2SP Flute is a premium flute designed for musicians who want high-quality sound, excellent durability, and a professional playing experience. Ideal for both beginners and advanced players looking to upgrade their equipment.",
    "original_price": "450000.00",
    "price": "400000.00",
    "stock": 6,
    "image": "products/images/flute-1758800_1280.jpg",
    "created_at": "2025-12-12T10:04:24.573Z"
  }
},
{
  "model": "products.product",
  "pk": 36,
  "fields": {
    "name": "Jupiter JFL700 Flute",
    "category": 29,
    "brand": 23,
    "description": "Jupiter JFL700 Flute is a premium flute designed for musicians who want high-quality sound, excellent durability, and a professional playing experience. Ideal for both beginners and advanced players looking to upgrade their equipment.",
    "original_price": "3200000.00",
    "price": "3200000.00",
    "stock": 5,
    "image": "products/images/flute-1758799_1280.jpg",
    "created_at": "2025-12-12T10:04:24.579Z"
  }
},
{
  "model": "products.productimage",
  "pk": 1,
  "fields": {
    "product": 18,
    "image": "products/images/pexels-grevinkivi-1716580.jpg",
    "is_main": false
  }
},
{
  "model": "products.productimage",
  "pk": 2,
  "fields": {
    "product": 18,
    "image": "products/images/pexels-tomaz-barcellos-999425-2021348.jpg",
    "is_main": false
  }
},
{
  "model": "products.productimage",
  "pk": 3,
  "fields": {
    "product": 18,
    "image": "products/images/pexels-lanius-2118045.jpg",
    "is_main": false
  }
},
{
  "model": "products.review",
  "pk": 25,
  "fields": {
    "product": 16,
    "user": 1,
    "rating": 5,
    "comment": "Âm thanh rất hay, chơi lên nghe rõ và ấm.",
    "created_at": "2026-01-25T07:39:55.758Z",
    "sentiment": "positive"
  }
},
{
  "model": "products.review",
  "pk": 26,
  "fields": {
    "product": 16,
    "user": 1,
    "rating": 4,
    "comment": "Đàn đẹp hơn trong hình, đóng gói kỹ.",
    "created_at": "2026-01-25T07:40:18.428Z",
    "sentiment": "positive"
  }
},
{
  "model": "products.review",
  "pk": 27,
  "fields": {
    "product": 16,
    "user": 1,
    "rating": 4,
    "comment": "Sản phẩm dùng ổn trong tầm giá.",
    "created_at": "2026-01-25T07:40:39.285Z",
    "sentiment": "positive"
  }
},
{
  "model": "products.review",
  "pk": 28,
  "fields": {
    "product": 16,
    "user": 1,
    "rating": 3,
    "comment": "Âm thanh bình thường, không quá nổi bật.",
    "created_at": "2026-01-25T07:40:50.464Z",
    "sentiment": "neutral"
  }
},
{
  "model": "products.review",
  "pk": 29,
  "fields": {
    "product": 16,
    "user": 1,
    "rating": 2,
    "comment": "Âm thanh khá tệ, nghe bị đục.",
    "created_at": "2026-01-25T07:41:05.774Z",
    "sentiment": "negative"
  }
},
{
  "model": "products.review",
  "pk": 30,
  "fields": {
    "product": 17,
    "user": 1,
    "rating": 3,
    "comment": "Chất lượng không xứng với giá tiền.",
    "created_at": "2026-01-25T07:41:33.969Z",
    "sentiment": "negative"
  }
},
{
  "model": "products.review",
  "pk": 31,
  "fields": {
    "product": 17,
    "user": 1,
    "rating": 3,
    "comment": "Âm không chuẩn, phải chỉnh lại nhiều.",
    "created_at": "2026-01-25T07:41:49.795Z",
    "sentiment": "negative"
  }
},
{
  "model": "products.review",
  "pk": 32,
  "fields": {
    "product": 18,
    "user": 1,
    "rating": 5,
    "comment": "Đóng gói ổn, sản phẩm không trầy xước.",
    "created_at": "2026-01-25T07:42:19.786Z",
    "sentiment": "positive"
  }
},
{
  "model": "products.review",
  "pk": 33,
  "fields": {
    "product": 18,
    "user": 1,
    "rating": 5,
    "comment": "Chơi trong phòng thì ổn.",
    "created_at": "2026-01-25T07:42:32.216Z",
    "sentiment": "neutral"
  }
},
{
  "model": "products.review",
  "pk": 34,
  "fields": {
    "product": 18,
    "user": 1,
    "rating": 5,
    "comment": "Đáng tiền, sẽ ủng hộ shop lần sau.",
    "created_at": "2026-01-25T07:42:48.143Z",
    "sentiment": "positive"
  }
},
{
  "model": "products.review",
  "pk": 35,
  "fields": {
    "product": 19,
    "user": 1,
    "rating": 5,
    "comment": "Phù hợp cho người mới lẫn người chơi lâu năm.",
    "created_at": "2026-01-25T07:43:10.488Z",
    "sentiment": "neutral"
  }
},
{
  "model": "products.review",
  "pk": 36,
  "fields": {
    "product": 19,
    "user": 1,
    "rating": 5,
    "comment": "Đúng hàng chính hãng, yên tâm sử dụng.",
    "created_at": "2026-01-25T07:43:22.178Z",
    "sentiment": "positive"
  }
},
{
  "model": "products.review",
  "pk": 37,
  "fields": {
    "product": 20,
    "user": 1,
    "rating": 5,
    "comment": "Sản phẩm vượt mong đợi.",
    "created_at": "2026-01-25T07:43:41.676Z",
    "sentiment": "positive"
  }
},
{
  "model": "products.review",
  "pk": 38,
  "fields": {
    "product": 20,
    "user": 1,
    "rating": 3,
    "comment": "Chơi trong phòng thì ổn.",
    "created_at": "2026-01-25T07:43:59.805Z",
    "sentiment": "neutral"
  }
},
{
  "model": "products.review",
  "pk": 39,
  "fields": {
    "product": 22,
    "user": 1,
    "rating": 3,
    "comment": "Chơi lên bị rè, không hài lòng.",
    "created_at": "2026-01-25T07:44:23.742Z",
    "sentiment": "negative"
  }
},
{
  "model": "products.review",
  "pk": 40,
  "fields": {
    "product": 22,
    "user": 1,
    "rating": 5,
    "comment": "Âm chưa thật sự nổi nhưng chấp nhận được.",
    "created_at": "2026-01-25T07:44:37.535Z",
    "sentiment": "neutral"
  }
},
{
  "model": "products.review",
  "pk": 41,
  "fields": {
    "product": 22,
    "user": 1,
    "rating": 5,
    "comment": "Thiết kế đẹp, nhìn rất sang.",
    "created_at": "2026-01-25T07:44:54.938Z",
    "sentiment": "positive"
  }
},
{
  "model": "products.reviewimage",
  "pk": 18,
  "fields": {
    "review": 25,
    "image": "products/reviews/guitar_d7Kbn8s.jpg"
  }
},
{
  "model": "products.reviewimage",
  "pk": 19,
  "fields": {
    "review": 25,
    "image": "products/reviews/OIP_fG5rMLJ.jpg"
  }
},
{
  "model": "products.flashsale",
  "pk": 1,
  "fields": {
    "product": 17,
    "flash_price": "50.00",
    "start_time": "2026-01-26T10:38:55Z",
    "end_time": "2026-01-26T18:00:00Z",
    "quantity": 6,
    "is_active": true
  }
},
{
  "model": "products.flashsale",
  "pk": 2,
  "fields": {
    "product": 19,
    "flash_price": "45.00",
    "start_time": "2026-01-26T10:39:15Z",
    "end_time": "2026-01-26T18:00:00Z",
    "quantity": 8,
    "is_active": true
  }
},
{
  "model": "products.flashsale",
  "pk": 3,
  "fields": {
    "product": 22,
    "flash_price": "55.00",
    "start_time": "2026-01-26T10:39:27Z",
    "end_time": "2026-01-26T18:00:00Z",
    "quantity": 8,
    "is_active": true
  }
},
{
  "model": "products.flashsale",
  "pk": 4,
  "fields": {
    "product": 22,
    "flash_price": "55.00",
    "start_time": "2026-01-26T10:39:39Z",
    "end_time": "2026-01-26T18:00:00Z",
    "quantity": 7,
    "is_active": true
  }
},
{
  "model": "products.flashsale",
  "pk": 5,
  "fields": {
    "product": 31,
    "flash_price": "58.00",
    "start_time": "2026-01-26T10:39:50Z",
    "end_time": "2026-01-26T18:00:00Z",
    "quantity": 9,
    "is_active": true
  }
},
{
  "model": "products.flashsale",
  "pk": 6,
  "fields": {
    "product": 22,
    "flash_price": "66.00",
    "start_time": "2026-01-26T11:05:05Z",
    "end_time": "2026-01-26T19:00:00Z",
    "quantity": 5,
    "is_active": true
  }
},
{
  "model": "products.flashsale",
  "pk": 7,
  "fields": {
    "product": 19,
    "flash_price": "90.00",
    "start_time": "2026-01-27T07:40:44Z",
    "end_time": "2026-01-27T18:00:00Z",
    "quantity": 9,
    "is_active": true
  }
},
{
  "model": "products.flashsale",
  "pk": 8,
  "fields": {
    "product": 18,
    "flash_price": "67.00",
    "start_time": "2026-01-27T07:40:57Z",
    "end_time": "2026-01-27T18:00:00Z",
    "quantity": 7,
    "is_active": true
  }
},
{
  "model": "products.flashsale",
  "pk": 9,
  "fields": {
    "product": 21,
    "flash_price": "60.00",
    "start_time": "2026-01-28T09:00:00Z",
    "end_time": "2026-01-28T18:00:00Z",
    "quantity": 9,
    "is_active": true
  }
},
{
  "model": "products.flashsale",
  "pk": 10,
  "fields": {
    "product": 24,
    "flash_price": "77.00",
    "start_time": "2026-01-28T09:00:00Z",
    "end_time": "2026-01-28T18:00:00Z",
    "quantity": 0,
    "is_active": true
  }
},
{
  "model": "products.flashsale",
  "pk": 11,
  "fields": {
    "product": 21,
    "flash_price": "66.00",
    "start_time": "2026-01-28T09:00:00Z",
    "end_time": "2026-01-28T18:00:00Z",
    "quantity": 9,
    "is_active": true
  }
},
{
  "model": "products.flashsale",
  "pk": 12,
  "fields": {
    "product": 22,
    "flash_price": "676.00",
    "start_time": "2026-01-28T02:32:19Z",
    "end_time": "2026-01-28T18:00:00Z",
    "quantity": 5,
    "is_active": true
  }
},
{
  "model": "products.flashsale",
  "pk": 13,
  "fields": {
    "product": 23,
    "flash_price": "870000.00",
    "start_time": "2026-01-28T04:28:34Z",
    "end_time": "2026-01-28T18:00:00Z",
    "quantity": 11,
    "is_active": true
  }
},
{
  "model": "products.flashsale",
  "pk": 14,
  "fields": {
    "product": 24,
    "flash_price": "200000.00",
    "start_time": "2026-01-28T04:29:04Z",
    "end_time": "2026-01-28T18:00:00Z",
    "quantity": 12,
    "is_active": true
  }
},
{
  "model": "products.flashsale",
  "pk": 15,
  "fields": {
    "product": 25,
    "flash_price": "88888.00",
    "start_time": "2026-01-28T04:29:25Z",
    "end_time": "2026-01-28T18:00:00Z",
    "quantity": 13,
    "is_active": true
  }
},
{
  "model": "products.flashsale",
  "pk": 16,
  "fields": {
    "product": 27,
    "flash_price": "77777.00",
    "start_time": "2026-01-28T04:29:44Z",
    "end_time": "2026-01-28T18:00:00Z",
    "quantity": 15,
    "is_active": true
  }
}
]
